"","Date.time","Temperature","Precipitation","Relative.Humidity","Cloud.Cover"
"1",2015-01-01,21.4,0,64.85,56.1
"2",2015-01-02,25,0,69.19,63.5
"3",2015-01-03,30.1,0.03,87.39,97.9
"4",2015-01-04,15.6,0.1,70.2,70.5
"5",2015-01-05,-2.1,0.11,66.29,50
"6",2015-01-06,3.2,0.02,69.07,60.7
"7",2015-01-07,-2.3,0,53.22,9.1
"8",2015-01-08,1.5,0.1,70.83,64.7
"9",2015-01-09,3.3,0.01,58.29,48.1
"10",2015-01-10,8.2,0,67.06,64.8
"11",2015-01-11,19.4,0,67.9,72.3
"12",2015-01-12,10.4,0,63.07,24.1
"13",2015-01-13,6.5,0,72.95,47.9
"14",2015-01-14,13.6,0,76.09,79.6
"15",2015-01-15,27.6,0,72.33,51.5
"16",2015-01-16,28.2,0,76.1,86.9
"17",2015-01-17,36.2,0,73.59,78.1
"18",2015-01-18,35.8,0,69.51,66.8
"19",2015-01-19,30.4,0.01,84.65,81.4
"20",2015-01-20,31.8,0,88.81,100
"21",2015-01-21,28.8,0.05,83.41,99.8
"22",2015-01-22,29.1,0,76.54,80.9
"23",2015-01-23,30.3,0,76.64,85.5
"24",2015-01-24,32.6,0,85.17,95.5
"25",2015-01-25,24.2,0,76.43,81.4
"26",2015-01-26,19.7,0.07,85.31,77.2
"27",2015-01-27,26.4,0,85.52,100
"28",2015-01-28,28.1,0,74.74,82.7
"29",2015-01-29,32,0.01,71.15,100
"30",2015-01-30,20.2,0,60.71,44.3
"31",2015-01-31,28,0.09,70.13,83.1
"32",2015-02-01,15.5,0.36,81.34,85.8
"33",2015-02-02,7.7,0,65.04,31.5
"34",2015-02-03,11.3,0.12,78.76,61
"35",2015-02-04,14.4,0,66.75,63.9
"36",2015-02-05,5.6,0,62.52,19.3
"37",2015-02-06,19,0,64.09,49.6
"38",2015-02-07,26.9,0,82.73,59.6
"39",2015-02-08,26.8,0,88.7,92.2
"40",2015-02-09,19.8,0,71.8,46.8
"41",2015-02-10,19,0.01,75.99,72.4
"42",2015-02-11,27.1,0,69.44,79.7
"43",2015-02-12,9.7,0.01,58.24,54.9
"44",2015-02-13,14.1,0,68.33,73.5
"45",2015-02-14,9.3,0,51.53,60
"46",2015-02-15,3.7,0,57.86,69
"47",2015-02-16,14.2,0,62.73,99.9
"48",2015-02-17,13.2,0,61.93,85.8
"49",2015-02-18,1.2,0,59.11,65.9
"50",2015-02-19,-3.7,0,52.87,0
"51",2015-02-20,8.2,0,64.8,82.7
"52",2015-02-21,23.9,0,65.39,89.3
"53",2015-02-22,7.9,0,53.95,18.2
"54",2015-02-23,0.9,0,50.91,10.3
"55",2015-02-24,21.5,0,49.92,51.3
"56",2015-02-25,12.9,0.06,60.92,73.7
"57",2015-02-26,7.4,0,59.16,40.1
"58",2015-02-27,5.3,0,56.43,0
"59",2015-02-28,6.6,0,61.41,38.1
"60",2015-03-01,19.9,0,69.59,68.9
"61",2015-03-02,20.3,0,61.73,47.9
"62",2015-03-03,27.8,0.1,75.51,99.1
"63",2015-03-04,14.6,0,51.61,26.3
"64",2015-03-05,6.9,0,51.82,0
"65",2015-03-06,17,0,61.31,35.4
"66",2015-03-07,33.5,0,62.98,34.5
"67",2015-03-08,36.8,0,66.49,31.8
"68",2015-03-09,39.5,0,67.62,10.9
"69",2015-03-10,42,0,77.5,27.9
"70",2015-03-11,42.6,0,60.98,6.3
"71",2015-03-12,43.8,0,51.8,48.4
"72",2015-03-13,49.4,0,62.49,42.7
"73",2015-03-14,48.1,0,56.84,20
"74",2015-03-15,46.2,0,57.77,42.7
"75",2015-03-16,54.9,0,46.29,53.3
"76",2015-03-17,39,0,39.44,30.9
"77",2015-03-18,38,0,40.87,58.7
"78",2015-03-19,41.5,0,42.76,95.6
"79",2015-03-20,46.4,0,49.98,79.8
"80",2015-03-21,42.2,0,48.22,40.1
"81",2015-03-22,31.5,0,62.55,85.1
"82",2015-03-23,29.5,0.18,73.65,75.4
"83",2015-03-24,29,0,65.34,57
"84",2015-03-25,36.6,0.5,77.58,92.9
"85",2015-03-26,34.1,0,57.41,95.4
"86",2015-03-27,26.1,0,45.06,9.5
"87",2015-03-28,28.6,0,51.6,16.2
"88",2015-03-29,35.4,0.08,69.7,66.6
"89",2015-03-30,45.4,0,57.29,58.3
"90",2015-03-31,46.5,0,65.38,57.5
"91",2015-04-01,54.6,0,49.28,23.5
"92",2015-04-02,58.4,0.02,43.71,70.3
"93",2015-04-03,42.8,0,47.37,53.4
"94",2015-04-04,43.2,0,40.05,52.1
"95",2015-04-05,48.7,0,52.25,66.2
"96",2015-04-06,43.9,0.18,70.88,53.7
"97",2015-04-07,41.4,0.36,79.69,100
"98",2015-04-08,41.5,0.55,90.73,100
"99",2015-04-09,45.9,1.78,91.45,99.5
"100",2015-04-10,42.7,0.13,74.42,69.7
"101",2015-04-11,50.5,0,51.94,7.8
"102",2015-04-12,57.1,0,45.01,48
"103",2015-04-13,57.7,0.11,45.97,61.8
"104",2015-04-14,52,0,40.71,44.3
"105",2015-04-15,53,0,38.69,50.5
"106",2015-04-16,54.8,0,43.08,30.4
"107",2015-04-17,63,0,50.02,38.1
"108",2015-04-18,57.9,0,50.68,50
"109",2015-04-19,58.5,0.2,45.36,75.5
"110",2015-04-20,45.2,0.45,76.83,99.6
"111",2015-04-21,39.5,0.02,63.01,97.8
"112",2015-04-22,38.1,0.01,56.06,89.5
"113",2015-04-23,41.4,0,40.55,7
"114",2015-04-24,40.8,0.26,61.21,68.5
"115",2015-04-25,44.2,0,65.52,92.8
"116",2015-04-26,46.3,0,48.13,13
"117",2015-04-27,50.8,0,51.02,10.5
"118",2015-04-28,51.3,0,56.92,32.5
"119",2015-04-29,52.5,0,60.83,51.4
"120",2015-04-30,49,0,58.13,30.3
"121",2015-05-01,55.2,0,50.22,49.2
"122",2015-05-02,65.2,0,39.14,75.7
"123",2015-05-03,66.3,0.01,57.98,76.9
"124",2015-05-04,64.5,0.39,68.36,75.8
"125",2015-05-05,53.5,0.4,78.03,100
"126",2015-05-06,61.1,0.09,82.07,84.1
"127",2015-05-07,71,0,59.01,44.5
"128",2015-05-08,68,0,71.5,71.1
"129",2015-05-09,61.9,0,68.55,96
"130",2015-05-10,53.6,0.01,78.1,100
"131",2015-05-11,57,0.1,77.82,94.9
"132",2015-05-12,48,0,66.02,85
"133",2015-05-13,48.3,0,61.57,27.8
"134",2015-05-14,53.6,0.04,60.5,65.6
"135",2015-05-15,63.8,0.12,77.28,91.7
"136",2015-05-16,69.8,0,77.2,84.6
"137",2015-05-17,72.3,1.24,72.11,83.6
"138",2015-05-18,59.1,0,60.08,35.6
"139",2015-05-19,47.9,0.01,60.09,77.5
"140",2015-05-20,46.8,0,61.5,71
"141",2015-05-21,57,0,55.81,40.1
"142",2015-05-22,58.7,0,44.27,27.2
"143",2015-05-23,64.6,0,37.49,38.2
"144",2015-05-24,58.4,0.75,82.23,84.1
"145",2015-05-25,70,0.08,76.1,78.3
"146",2015-05-26,68,0.58,81.45,68.3
"147",2015-05-27,66.5,0,71.88,49.7
"148",2015-05-28,72.6,0,56.99,42.5
"149",2015-05-29,71.3,0.34,72.83,78.1
"150",2015-05-30,58.4,0.2,84.78,92.5
"151",2015-05-31,51.4,0,61.51,27.6
"152",2015-06-01,53.9,0,52.22,15.3
"153",2015-06-02,59,0,54,28
"154",2015-06-03,67.8,0,57.86,59
"155",2015-06-04,73,0,63.87,73.5
"156",2015-06-05,64.1,0,78,56.4
"157",2015-06-06,62.9,0,63.98,52.2
"158",2015-06-07,72.5,0.07,66.19,74.8
"159",2015-06-08,70.2,0.09,64.98,49.8
"160",2015-06-09,73.5,0,59.88,48.4
"161",2015-06-10,77.8,0,49.54,39.8
"162",2015-06-11,61.5,0.9,85.22,80.9
"163",2015-06-12,62.3,1.02,84.95,98.6
"164",2015-06-13,65.5,0.01,86.13,96.9
"165",2015-06-14,73.8,0.18,77.3,85.4
"166",2015-06-15,71.5,0.14,83.99,72
"167",2015-06-16,68,0,64.22,26.3
"168",2015-06-17,68.5,0,58.22,61.7
"169",2015-06-18,73.5,0,68.48,74.4
"170",2015-06-19,64.9,0,52.69,18.1
"171",2015-06-20,63.7,0.09,76.81,61.3
"172",2015-06-21,73.6,0,70.39,57.9
"173",2015-06-22,74.2,0.48,80.31,60.2
"174",2015-06-23,70.4,0,57.21,16.1
"175",2015-06-24,69.9,0,67.79,57.3
"176",2015-06-25,69.9,0.05,80.82,86.5
"177",2015-06-26,66.3,0.1,78.64,67.7
"178",2015-06-27,68,0,62.89,42.4
"179",2015-06-28,63.9,0.14,78.85,71.3
"180",2015-06-29,67.9,0.11,79.05,89.8
"181",2015-06-30,66.4,0,75.8,61.9
"182",2015-07-01,62.6,0,64.41,65.2
"183",2015-07-02,60.4,0,66.47,13
"184",2015-07-03,63.8,0,66.29,23.1
"185",2015-07-04,69.9,0,68.47,16.3
"186",2015-07-05,73.7,0,67.63,31.1
"187",2015-07-06,73.6,0.75,80.33,70.5
"188",2015-07-07,64.1,0,71.62,92.1
"189",2015-07-08,61.7,0,70.04,54.4
"190",2015-07-09,66,0,69.51,45.7
"191",2015-07-10,70.4,0,67.84,47.1
"192",2015-07-11,70.6,0,73.67,55.1
"193",2015-07-12,73.8,0,75.36,66.8
"194",2015-07-13,76.5,0.95,77.6,71.5
"195",2015-07-14,73.5,0,75.18,68.8
"196",2015-07-15,66.4,0,65.68,37.4
"197",2015-07-16,66.7,0.79,75.31,72.4
"198",2015-07-17,79.3,0,77.42,57.6
"199",2015-07-18,78.5,1.06,78.14,47.7
"200",2015-07-19,75.2,0,66.33,35.9
"201",2015-07-20,73.7,0.03,69.05,49.1
"202",2015-07-21,70,0,62.21,23.1
"203",2015-07-22,70.8,0,65.13,48.9
"204",2015-07-23,72.8,0,65.45,25.1
"205",2015-07-24,73.5,0,68.17,50.8
"206",2015-07-25,78.7,0,68.31,48.4
"207",2015-07-26,73.2,0,71.23,62.6
"208",2015-07-27,74.6,0,70.13,44.1
"209",2015-07-28,77.6,0,70.08,51.5
"210",2015-07-29,77.5,1.18,57.61,45.3
"211",2015-07-30,75.5,0,51.61,10.4
"212",2015-07-31,73.9,0,51.01,16.4
"213",2015-08-01,73.2,0,59.57,36.3
"214",2015-08-02,80.6,0,62.72,38.5
"215",2015-08-03,71.4,0,53.14,22.4
"216",2015-08-04,68.4,0,60.22,44.6
"217",2015-08-05,69.4,0,64.88,47.4
"218",2015-08-06,69.5,0,66.2,58.4
"219",2015-08-07,71.7,0.48,74.32,82.9
"220",2015-08-08,67.1,0.12,88.27,70.1
"221",2015-08-09,71.5,0,79.92,85.4
"222",2015-08-10,74.4,0.01,72.88,66.7
"223",2015-08-11,70.1,0,67.78,24.3
"224",2015-08-12,69.5,0,68.23,21.1
"225",2015-08-13,75.1,0,65.06,56.1
"226",2015-08-14,79.5,0,68.82,51.3
"227",2015-08-15,79.7,0.01,71.5,42.6
"228",2015-08-16,79.9,0,65.87,43.5
"229",2015-08-17,74.9,0.4,80.19,64.5
"230",2015-08-18,71.7,1.43,84.67,86.3
"231",2015-08-19,64.3,0.1,80.04,98.1
"232",2015-08-20,62.1,0.03,72.35,73.9
"233",2015-08-21,67.6,0,65.67,32
"234",2015-08-22,71.6,0,60.83,16.9
"235",2015-08-23,66.2,0.05,68.46,68.6
"236",2015-08-24,59.9,0,60.95,55.4
"237",2015-08-25,60.3,0,68.66,93.5
"238",2015-08-26,62.1,0,71.68,74
"239",2015-08-27,64.3,0,71.91,43.4
"240",2015-08-28,63.4,0.73,84.99,70.5
"241",2015-08-29,64.5,0.98,91.92,100
"242",2015-08-30,67.4,0,82.49,78.1
"243",2015-08-31,70.4,0,82.32,49.6
"244",2015-09-01,78.4,0,75.33,22.5
"245",2015-09-02,78.8,0,71.21,60.8
"246",2015-09-03,77.3,0,76.73,48.9
"247",2015-09-04,74.9,0,78.82,65.4
"248",2015-09-05,75.7,0,78.17,60.3
"249",2015-09-06,80.4,0,68.46,30.2
"250",2015-09-07,76,0.46,81.61,81.5
"251",2015-09-08,72,0.55,86.2,77.1
"252",2015-09-09,68,0,60.16,27.9
"253",2015-09-10,66.3,0.33,72.58,82.1
"254",2015-09-11,58.2,0,67.05,63
"255",2015-09-12,54.6,0,69.5,51.3
"256",2015-09-13,58.2,0,63.31,14.4
"257",2015-09-14,67.4,0,58.11,12.6
"258",2015-09-15,73.3,0,55.05,20
"259",2015-09-16,73.4,0,56.55,11.5
"260",2015-09-17,71.4,1.61,75,66.6
"261",2015-09-18,67.8,0.77,89,97.8
"262",2015-09-19,59.6,0.21,72.68,60.8
"263",2015-09-20,57.7,0,72.54,41.7
"264",2015-09-21,62.9,0,61.31,6.9
"265",2015-09-22,65,0,68.08,38.5
"266",2015-09-23,65.7,0,69.96,45.8
"267",2015-09-24,64,0,71.28,50.5
"268",2015-09-25,64.3,0,75.72,49.2
"269",2015-09-26,64.6,0,77.75,37.9
"270",2015-09-27,63.8,0,82.48,59.9
"271",2015-09-28,69,0,78.36,50.5
"272",2015-09-29,57.8,2,75.05,70.5
"273",2015-09-30,50.3,0,70.54,20.7
"274",2015-10-01,50.4,0,65.81,12.3
"275",2015-10-02,50.8,0,67.8,38.4
"276",2015-10-03,48.7,0,67.69,57.1
"277",2015-10-04,51.1,0,78.28,99.2
"278",2015-10-05,55.8,0,85.59,100
"279",2015-10-06,59,0,80.96,81.6
"280",2015-10-07,56.9,0,75.06,44
"281",2015-10-08,60.9,0,75.72,82
"282",2015-10-09,53.5,0,73.25,74
"283",2015-10-10,53,0,69.73,46
"284",2015-10-11,65.3,0,61.03,8.5
"285",2015-10-12,61.8,0,58.92,56
"286",2015-10-13,50.6,0,69.17,72.2
"287",2015-10-14,49.3,0,67.93,6.8
"288",2015-10-15,54.5,0,46.92,48.9
"289",2015-10-16,42.9,0,55.47,37.7
"290",2015-10-17,38.9,0,58.11,25
"291",2015-10-18,43.6,0,57.66,7
"292",2015-10-19,59.5,0,38.74,37.4
"293",2015-10-20,63.9,0,48.25,57.2
"294",2015-10-21,61,0,73.41,53.3
"295",2015-10-22,51.1,0,64.22,45.9
"296",2015-10-23,52.1,0.33,80.97,79.7
"297",2015-10-24,55.6,0.7,85.02,82.2
"298",2015-10-25,46.6,0,72.73,37.7
"299",2015-10-26,48.2,0,66.62,56.2
"300",2015-10-27,50.5,0.54,73.79,68.2
"301",2015-10-28,47.1,0.67,86.55,100
"302",2015-10-29,40.2,0,78.68,84.7
"303",2015-10-30,43.1,0,83.89,76.3
"304",2015-10-31,47.4,0.37,88.6,98.9
"305",2015-11-01,51.7,0,64.98,30.6
"306",2015-11-02,59.2,0,59.52,32.6
"307",2015-11-03,58.1,0,66.26,4
"308",2015-11-04,60.5,0,82.8,47.3
"309",2015-11-05,63,0.49,80.63,93.8
"310",2015-11-06,45.9,0.14,74.54,78.4
"311",2015-11-07,39.8,0,68.69,15
"312",2015-11-08,41.1,0,64.26,0
"313",2015-11-09,40,0,65.08,0
"314",2015-11-10,40,0,67.27,35.1
"315",2015-11-11,50.8,0.39,69.64,89
"316",2015-11-12,44.5,0.08,77.6,96.1
"317",2015-11-13,37.1,0,63.32,56
"318",2015-11-14,40.1,0,64.99,38.4
"319",2015-11-15,52.6,0,51.79,35.2
"320",2015-11-16,51.4,0.01,63.92,91.5
"321",2015-11-17,52.5,1.1,95.2,100
"322",2015-11-18,53.4,0.18,80.2,92.3
"323",2015-11-19,38.2,0.02,57.51,61.7
"324",2015-11-20,32.9,0.12,52.62,57.1
"325",2015-11-21,25.3,0.26,78.41,64.6
"326",2015-11-22,19.1,0,77.34,58.9
"327",2015-11-23,31.1,0,77.25,42.8
"328",2015-11-24,33.1,0,81.35,33.7
"329",2015-11-25,41,0,75.01,73.5
"330",2015-11-26,48.1,0.97,93.39,100
"331",2015-11-27,31,0.27,84.79,99.3
"332",2015-11-28,26.5,0,80.09,54.3
"333",2015-11-29,28.5,0,75.73,58
"334",2015-11-30,37,0.52,88.52,100
"335",2015-12-01,36.7,0.07,83.11,98.3
"336",2015-12-02,31.3,0.07,83.92,97.8
"337",2015-12-03,34.3,0,85.76,78.9
"338",2015-12-04,38.7,0,77.31,1
"339",2015-12-05,36.6,0,83.43,56.5
"340",2015-12-06,34.9,0,91.59,79.6
"341",2015-12-07,36.5,0,92.41,98.5
"342",2015-12-08,40,0,87.72,95.8
"343",2015-12-09,42,0,83.79,78.5
"344",2015-12-10,46.9,0,70.59,46.6
"345",2015-12-11,39.7,0,75.99,53.1
"346",2015-12-12,42.4,0.01,96.99,98.5
"347",2015-12-13,52.4,1.1,96.75,95.6
"348",2015-12-14,50.5,0.56,86.87,98.6
"349",2015-12-15,36.1,0,81.83,76.2
"350",2015-12-16,39.9,0.03,82.14,95.4
"351",2015-12-17,29.3,0,63.09,80.4
"352",2015-12-18,23,0.01,64.19,67.4
"353",2015-12-19,19.7,0,64.13,30
"354",2015-12-20,38,0.01,67.6,64
"355",2015-12-21,38.9,0.13,96.12,100
"356",2015-12-22,34.1,0.01,93.71,94
"357",2015-12-23,46.5,0.3,94.51,98
"358",2015-12-24,33.9,0.01,74.04,94.7
"359",2015-12-25,30.6,0,88.91,91.5
"360",2015-12-26,34.4,0.08,91.54,99.7
"361",2015-12-27,32.4,0,81.66,94.6
"362",2015-12-28,26.6,0.52,83.35,93.6
"363",2015-12-29,25.6,0.04,81.61,99.6
"364",2015-12-30,27.2,0,78.85,99.6
"365",2015-12-31,23,0,71.98,81.4
"366",2016-01-01,23.4,0,72.71,80.3
"367",2016-01-02,24.4,0,71.97,3.7
"368",2016-01-03,25.5,0,72.56,85.5
"369",2016-01-04,21,0,71.07,31.8
"370",2016-01-05,23.3,0,74.71,40.6
"371",2016-01-06,28.8,0,75.59,62.2
"372",2016-01-07,33.7,0.08,84.8,100
"373",2016-01-08,35.6,0.39,96.6,98.5
"374",2016-01-09,28.4,0.03,88.65,99.3
"375",2016-01-10,5.3,0,68.55,52.8
"376",2016-01-11,1.9,0.05,75.54,60.5
"377",2016-01-12,4.7,0,63.42,28.3
"378",2016-01-13,8.9,0,73.76,62.1
"379",2016-01-14,26.6,0,83.7,60
"380",2016-01-15,30.8,0,89.29,75.1
"381",2016-01-16,16.8,0,66.99,37.7
"382",2016-01-17,-3.3,0,57.12,14.8
"383",2016-01-18,-3.1,0,61.52,0
"384",2016-01-19,4.2,0,62.47,53
"385",2016-01-20,16.1,0,70.6,92.9
"386",2016-01-21,19.4,0,80.9,81.3
"387",2016-01-22,23,0,78.15,98.9
"388",2016-01-23,25.7,0,71.87,69.4
"389",2016-01-24,25.3,0,83.05,91.2
"390",2016-01-25,29.2,0.25,88.56,97.2
"391",2016-01-26,26.7,0.13,86.4,96.2
"392",2016-01-27,27.9,0,73.6,92.5
"393",2016-01-28,32,0.02,72.63,97.6
"394",2016-01-29,20.6,0,70.76,54.2
"395",2016-01-30,35.4,0,77.62,63.3
"396",2016-01-31,35.4,0.03,89.58,70.5
"397",2016-02-01,31.3,0,84.48,42.4
"398",2016-02-02,31.7,0.22,94.63,92.5
"399",2016-02-03,29.7,0.09,86.32,98.9
"400",2016-02-04,22.1,0,69,83.3
"401",2016-02-05,25.8,0,71.33,88
"402",2016-02-06,29.2,0,78.11,91.2
"403",2016-02-07,36.8,0,71.66,61.6
"404",2016-02-08,23.7,0,76.92,100
"405",2016-02-09,12.7,0.02,68.17,93.4
"406",2016-02-10,9,0,61.91,55.6
"407",2016-02-11,10.7,0,56.43,34.3
"408",2016-02-12,13.2,0,52.99,56.4
"409",2016-02-13,3.5,0,52.01,20.6
"410",2016-02-14,12.5,0.07,71.12,75.4
"411",2016-02-15,21.1,0.01,83.09,99.6
"412",2016-02-16,27.6,0.03,84.73,99.3
"413",2016-02-17,19.8,0,65.34,11.3
"414",2016-02-18,30.3,0,72.97,78.2
"415",2016-02-19,42.8,0,71.32,43.9
"416",2016-02-20,43.2,0,61.97,36
"417",2016-02-21,33.9,0,85.16,65.3
"418",2016-02-22,32.7,0,82.77,95.6
"419",2016-02-23,35,0,80.95,99.5
"420",2016-02-24,34.7,0,75.47,94.4
"421",2016-02-25,31.6,0,60.24,90
"422",2016-02-26,29.8,0,57.52,73.2
"423",2016-02-27,43.2,0,56.1,43.2
"424",2016-02-28,46.2,0.02,58.75,62.7
"425",2016-02-29,33.8,0,59.07,76
"426",2016-03-01,20,0.17,73.88,78.5
"427",2016-03-02,17.5,0,52.32,43.4
"428",2016-03-03,25.4,0,69.47,78.2
"429",2016-03-04,27.4,0.1,76.13,78.4
"430",2016-03-05,34.8,0,82.29,100
"431",2016-03-06,40.8,0.05,68.98,80.6
"432",2016-03-07,53.4,0.01,67.62,71.1
"433",2016-03-08,60.7,0.01,70.55,84
"434",2016-03-09,52.2,0.1,79.62,82.6
"435",2016-03-10,43.6,0,76.09,60.3
"436",2016-03-11,44.3,0,72.3,30.1
"437",2016-03-12,48.9,0.02,67.36,58.9
"438",2016-03-13,46.9,0.26,83.61,100
"439",2016-03-14,47.2,0,86.95,84.7
"440",2016-03-15,46.9,0.79,93.88,84.8
"441",2016-03-16,47.1,0.72,66.65,87.8
"442",2016-03-17,44.5,0,49.77,47.7
"443",2016-03-18,37.5,0,72.94,97.1
"444",2016-03-19,36,0,74.65,96.1
"445",2016-03-20,36.6,0,61.55,66.6
"446",2016-03-21,38,0,54.24,48.1
"447",2016-03-22,47,0,57.41,62.2
"448",2016-03-23,34.8,0.34,87.4,99.9
"449",2016-03-24,30.8,0.3,89.36,91.5
"450",2016-03-25,32.3,0,77.16,38.3
"451",2016-03-26,42.3,0,72.3,58.8
"452",2016-03-27,42,0.13,83.53,88.4
"453",2016-03-28,44.7,0,61.05,52.9
"454",2016-03-29,46.6,0,57.64,50.3
"455",2016-03-30,47.6,0.17,69.91,91.1
"456",2016-03-31,44,0.71,90.76,99.6
"457",2016-04-01,40,0,70.17,80.1
"458",2016-04-02,31.1,0.1,63.44,62.8
"459",2016-04-03,44.9,0,49.38,68.8
"460",2016-04-04,32.3,0,64.14,84.8
"461",2016-04-05,34.2,0.02,65.26,53.2
"462",2016-04-06,42.8,0.54,81.24,100
"463",2016-04-07,36.7,0,74.41,100
"464",2016-04-08,33.4,0.1,71.28,94.4
"465",2016-04-09,29.2,0,56.6,35.8
"466",2016-04-10,41.1,0.02,72.41,94.4
"467",2016-04-11,41.6,0,52.3,28.9
"468",2016-04-12,38.9,0,46.53,22
"469",2016-04-13,43.8,0,51.1,97.5
"470",2016-04-14,49.8,0,50.57,28
"471",2016-04-15,55.3,0,44.51,7.8
"472",2016-04-16,60.1,0,47.23,32.2
"473",2016-04-17,63.9,0,46.74,61
"474",2016-04-18,64.8,0,50.13,54.8
"475",2016-04-19,50.2,0.19,77.71,74.1
"476",2016-04-20,56.7,0,65.99,68.2
"477",2016-04-21,61.4,0,67.73,81.7
"478",2016-04-22,52.8,0,71.92,71.1
"479",2016-04-23,50.8,0,60.14,41.6
"480",2016-04-24,56.8,0.04,64.9,71.6
"481",2016-04-25,63.7,0,63.41,51.6
"482",2016-04-26,44.4,0,81.02,93.1
"483",2016-04-27,44.6,0.16,60.36,81.9
"484",2016-04-28,41.3,0.4,81.33,99.9
"485",2016-04-29,44.7,0.07,78.12,84.7
"486",2016-04-30,44.5,0.4,78.04,92.8
"487",2016-05-01,48.4,0,76.84,97.9
"488",2016-05-02,52.2,0,61.7,50.9
"489",2016-05-03,55,0.06,57.25,50.5
"490",2016-05-04,50.3,0.02,64.85,55.9
"491",2016-05-05,50.6,0,58.4,10
"492",2016-05-06,65.7,0,45.75,36.9
"493",2016-05-07,62.3,0.02,49.81,70.3
"494",2016-05-08,56.3,0,45.26,51.1
"495",2016-05-09,54.9,0.15,63.28,70.6
"496",2016-05-10,50.9,0.57,93.8,100
"497",2016-05-11,55.9,0.01,93.54,96.1
"498",2016-05-12,60,0.52,74.63,82.7
"499",2016-05-13,50.1,0.19,73.6,61.6
"500",2016-05-14,40.9,0,62.92,89.2
"501",2016-05-15,44.2,0,55.66,45.3
"502",2016-05-16,57.4,0.02,50.19,55.9
"503",2016-05-17,52.1,0,59.38,59.4
"504",2016-05-18,52.9,0,53.53,17
"505",2016-05-19,58.1,0,53.49,18.5
"506",2016-05-20,58.8,0,52.56,53.1
"507",2016-05-21,61.9,0,56.34,44.1
"508",2016-05-22,67.4,0,48.84,27.7
"509",2016-05-23,71.3,0,43,44.2
"510",2016-05-24,70.4,0,59.1,56.5
"511",2016-05-25,71.8,0.07,73.32,63.7
"512",2016-05-26,72,0.03,68.35,46.2
"513",2016-05-27,69.9,0.05,77.94,64.9
"514",2016-05-28,72.4,0.29,77.02,87.8
"515",2016-05-29,69.7,0.19,70.28,55.8
"516",2016-05-30,70,0,65.11,27.7
"517",2016-05-31,68.8,0.09,70.27,79.3
"518",2016-06-01,69.2,0.75,70.72,66
"519",2016-06-02,64.4,0,63.33,34.1
"520",2016-06-03,69.5,0,63.2,43.1
"521",2016-06-04,69.5,0,68.41,77.2
"522",2016-06-05,66.6,0.17,71.39,49.3
"523",2016-06-06,65,0,60.79,60.3
"524",2016-06-07,58.2,0,64.67,65.7
"525",2016-06-08,61.2,0,58.29,40.3
"526",2016-06-09,64.4,0.29,75.57,67.7
"527",2016-06-10,76.1,0.33,73.94,50.3
"528",2016-06-11,76.3,0.08,76.1,52
"529",2016-06-12,64.9,0.03,52.98,55.8
"530",2016-06-13,68.3,0.03,55.12,60.8
"531",2016-06-14,71.7,0.68,72.4,73.8
"532",2016-06-15,76.1,0.42,74.27,58.9
"533",2016-06-16,67.5,0,76.67,83.8
"534",2016-06-17,70.7,0,68.65,22.4
"535",2016-06-18,73.4,0,59.91,48.4
"536",2016-06-19,76.8,0,58.2,19.6
"537",2016-06-20,78.7,0,51.47,33.8
"538",2016-06-21,70.2,0,54.23,14.7
"539",2016-06-22,69.7,0.06,78.26,75.8
"540",2016-06-23,69.4,0,78.7,96.6
"541",2016-06-24,70.7,0,66.21,25.9
"542",2016-06-25,79.8,0,64.11,29.5
"543",2016-06-26,78.1,1.44,68.07,56.4
"544",2016-06-27,74.2,0,61.48,32
"545",2016-06-28,63.2,0,67.07,45.1
"546",2016-06-29,66.9,0,62.64,32.3
"547",2016-06-30,67,0.33,73.85,50.9
"548",2016-07-01,63.4,0.1,70.8,58
"549",2016-07-02,66.3,0,61.34,50.7
"550",2016-07-03,65.7,0,66.1,26.2
"551",2016-07-04,66.4,0,77.59,73.6
"552",2016-07-05,76.9,0,69.09,75.1
"553",2016-07-06,74.6,0.49,79.8,69.6
"554",2016-07-07,73.9,0.13,82.91,67.5
"555",2016-07-08,74.8,0,68.42,41.5
"556",2016-07-09,70.6,0,68.62,32.3
"557",2016-07-10,71.6,0,69.29,57.3
"558",2016-07-11,80.6,0,71.47,58.8
"559",2016-07-12,77.5,0.01,71.2,58.6
"560",2016-07-13,78.7,0.01,74.25,49.7
"561",2016-07-14,74.5,0,60.3,40.6
"562",2016-07-15,64.7,0.01,77.73,76.3
"563",2016-07-16,67.5,0,65.39,37.2
"564",2016-07-17,74.4,0.3,72.2,49.4
"565",2016-07-18,75,0,71.44,32
"566",2016-07-19,75.3,0,71.8,40.6
"567",2016-07-20,77.3,0,73.74,41.1
"568",2016-07-21,78.6,2.27,81.71,69.5
"569",2016-07-22,78.8,1.63,79.64,49.8
"570",2016-07-23,75.9,1.07,93.32,81.7
"571",2016-07-24,80,0,79.48,71.8
"572",2016-07-25,76.5,0,69.21,31.7
"573",2016-07-26,75.7,0,70.4,17
"574",2016-07-27,76.4,0,73.79,53.6
"575",2016-07-28,72.2,0.14,83.18,83.2
"576",2016-07-29,68.3,0.17,84.75,94.4
"577",2016-07-30,70.4,0,71.17,74.5
"578",2016-07-31,69.8,0,72.88,29.1
"579",2016-08-01,73.6,0,74.78,48.6
"580",2016-08-02,75.5,0,76.52,55.2
"581",2016-08-03,79.9,0,76.43,59.3
"582",2016-08-04,79,1.21,76.28,51.1
"583",2016-08-05,73.5,0.01,74.34,49.9
"584",2016-08-06,69.7,0,71.15,22.5
"585",2016-08-07,69,0,77.68,43.5
"586",2016-08-08,70.7,0,70.2,43.2
"587",2016-08-09,76.6,0,67.74,51
"588",2016-08-10,78.7,0,76.37,36.2
"589",2016-08-11,78.7,0.17,82.2,56.3
"590",2016-08-12,76.1,0.88,90.94,83.5
"591",2016-08-13,73.8,0.08,82.09,77.1
"592",2016-08-14,72.7,0,74.95,39
"593",2016-08-15,71.5,0,80.91,53.2
"594",2016-08-16,75.1,0,73.09,36
"595",2016-08-17,74.3,0.42,77.64,49.7
"596",2016-08-18,75.8,0.05,78.05,43.2
"597",2016-08-19,72.3,2.2,84.64,79.3
"598",2016-08-20,68.5,0.64,85.74,76.5
"599",2016-08-21,62.9,0,74.64,48.1
"600",2016-08-22,65.6,0,70.54,8
"601",2016-08-23,71.9,0,67.16,52.9
"602",2016-08-24,74.7,0.51,85.11,91.8
"603",2016-08-25,71.9,0,74.18,55.5
"604",2016-08-26,66.3,0,78.75,55.1
"605",2016-08-27,66.6,0.91,90.9,88.5
"606",2016-08-28,69.6,0,88.82,63.9
"607",2016-08-29,74.3,0,82.98,56.7
"608",2016-08-30,74.9,0.13,83.43,63.2
"609",2016-08-31,68.4,0,73.44,42.2
"610",2016-09-01,65,0,73.71,60.7
"611",2016-09-02,62.6,0,75.89,21.3
"612",2016-09-03,64,0,73.19,50.5
"613",2016-09-04,69.1,0,68.66,66.9
"614",2016-09-05,75.5,0,67.9,30.4
"615",2016-09-06,79.8,0.07,75.5,55.8
"616",2016-09-07,71.6,2.59,95.59,94.4
"617",2016-09-08,73.1,0,81.55,67.8
"618",2016-09-09,66.2,0.07,86.47,62.4
"619",2016-09-10,64.3,0.07,81.64,77.6
"620",2016-09-11,63.6,0,67.47,20.4
"621",2016-09-12,68.4,0,61.7,25.1
"622",2016-09-13,66.3,0.68,85.86,95.4
"623",2016-09-14,63.6,0.02,79.51,74
"624",2016-09-15,65.5,0,77.07,39
"625",2016-09-16,69.3,0.25,83.75,74.6
"626",2016-09-17,67.4,0,77.47,27.6
"627",2016-09-18,66.9,0,70.68,24.7
"628",2016-09-19,69.5,1.29,75.29,46
"629",2016-09-20,67.1,0.01,71.62,41.3
"630",2016-09-21,65.2,2.19,85.8,82.4
"631",2016-09-22,67.5,0.19,91.14,75.3
"632",2016-09-23,65.4,0,88.91,98.8
"633",2016-09-24,64.8,0.07,86.49,79.6
"634",2016-09-25,68.5,0.23,83.16,65.7
"635",2016-09-26,59.2,0,55.08,32.8
"636",2016-09-27,54.3,0.02,62.31,58.6
"637",2016-09-28,53.4,0.12,87.38,72.5
"638",2016-09-29,59.6,0,76.65,37.3
"639",2016-09-30,59.3,0.01,90.29,92.3
"640",2016-10-01,59.7,0.12,93.76,99.6
"641",2016-10-02,58.4,0,89.94,82.8
"642",2016-10-03,58.3,0,80.11,47.9
"643",2016-10-04,63.2,0,77.82,66.5
"644",2016-10-05,64.5,0.06,78.52,49.5
"645",2016-10-06,62.3,0,89.97,75.6
"646",2016-10-07,56.5,0.34,74.07,58.6
"647",2016-10-08,47.5,0,70.94,13.5
"648",2016-10-09,50,0,74.34,22
"649",2016-10-10,57.8,0,68,39.9
"650",2016-10-11,64.6,0,58.09,50
"651",2016-10-12,53.2,0.25,81.52,78.7
"652",2016-10-13,42.9,0,73.29,29.9
"653",2016-10-14,49.2,0,68.92,37.4
"654",2016-10-15,60,0.03,87.97,78.8
"655",2016-10-16,66.1,1.58,91.65,93.8
"656",2016-10-17,71.9,0,80.76,90.4
"657",2016-10-18,64.9,0,65.93,24.2
"658",2016-10-19,54.6,0,74.45,59.2
"659",2016-10-20,46.5,0,72.7,60.8
"660",2016-10-21,42.6,0,66.73,64
"661",2016-10-22,47.6,0,68.06,56.8
"662",2016-10-23,51.6,0,71.3,24.3
"663",2016-10-24,46.3,0,68.55,29
"664",2016-10-25,43.2,0.01,81.07,67.8
"665",2016-10-26,45.5,2.12,95.04,100
"666",2016-10-27,42.9,0,85.31,99.9
"667",2016-10-28,52.5,0,86.77,79.4
"668",2016-10-29,60.4,0,82.89,59.3
"669",2016-10-30,49.4,0.03,84.22,80
"670",2016-10-31,48.6,0,82.92,65.8
"671",2016-11-01,61.2,0,76.67,49.8
"672",2016-11-02,52.7,0.23,90.68,82.4
"673",2016-11-03,50,0,83.05,41.9
"674",2016-11-04,48.6,0,83.4,30.9
"675",2016-11-05,53.3,0,77.24,12.7
"676",2016-11-06,52.1,0,76.28,4.8
"677",2016-11-07,52.9,0,70.23,37.9
"678",2016-11-08,51.7,0.01,69.8,34.8
"679",2016-11-09,45.4,0,61.7,24
"680",2016-11-10,52.6,0,53.92,1.7
"681",2016-11-11,43.5,0,63.38,19.8
"682",2016-11-12,40.3,0,67.27,28.8
"683",2016-11-13,47.2,0,56.88,32.6
"684",2016-11-14,48.7,0,67.26,35.7
"685",2016-11-15,45.2,0,84.62,73.1
"686",2016-11-16,44.5,0,80.89,29.2
"687",2016-11-17,58.8,0,65.21,51.9
"688",2016-11-18,53.2,0,65.31,64.2
"689",2016-11-19,32,0,59.89,71
"690",2016-11-20,25.7,0,64.91,42.8
"691",2016-11-21,27,0,69.94,36.3
"692",2016-11-22,33.7,0.04,75.57,62.4
"693",2016-11-23,38.7,0.21,94.8,100
"694",2016-11-24,35.4,0,85.79,100
"695",2016-11-25,36.6,0,83.94,98.8
"696",2016-11-26,39.8,0,78.2,61.2
"697",2016-11-27,37.3,0.3,92.1,60.6
"698",2016-11-28,45.1,1.06,94.07,99.2
"699",2016-11-29,41.9,0,74.63,16.3
"700",2016-11-30,36.1,0,82.24,84
"701",2016-12-01,37.4,0,86.03,97.2
"702",2016-12-02,33.2,0,73.11,99.6
"703",2016-12-03,31.1,0,71.54,96.5
"704",2016-12-04,31.3,0.44,92.03,99.1
"705",2016-12-05,32.7,0,93.19,100
"706",2016-12-06,30.2,0.01,82.37,89
"707",2016-12-07,21,0,70.61,89.1
"708",2016-12-08,19.8,0,72.67,86.2
"709",2016-12-09,20.8,0,68.69,60.4
"710",2016-12-10,17.8,0.12,78.8,83.9
"711",2016-12-11,24.6,0.33,90.64,96.7
"712",2016-12-12,18.9,0,75.08,58.3
"713",2016-12-13,8.7,0,61.14,20.4
"714",2016-12-14,9.4,0,55.51,30
"715",2016-12-15,3,0,60.63,40.6
"716",2016-12-16,12,0.32,77.18,94
"717",2016-12-17,14.3,0.21,85.29,85.4
"718",2016-12-18,-1.7,0.01,65.6,32.2
"719",2016-12-19,4,0,67.93,11.1
"720",2016-12-20,25.2,0,63.32,26.4
"721",2016-12-21,29.2,0,75.54,60.1
"722",2016-12-22,31.2,0,72.14,30.4
"723",2016-12-23,31,0.16,82.37,73.1
"724",2016-12-24,34.1,0,88.96,100
"725",2016-12-25,33.7,0.21,92.33,100
"726",2016-12-26,35.1,0.13,75.62,62.9
"727",2016-12-27,21.8,0,75.72,68.2
"728",2016-12-28,28.7,0,77.7,42.2
"729",2016-12-29,30.7,0,69.31,71
"730",2016-12-30,25.9,0,66.3,73
"731",2016-12-31,29.3,0,67.12,36.6
"732",2017-01-01,26.5,0,73.77,35.7
"733",2017-01-02,32.2,0,87.72,70.7
"734",2017-01-03,29.6,0.03,89.91,83.8
"735",2017-01-04,6.4,0,67.13,33.9
"736",2017-01-05,2.9,0,64.14,52.3
"737",2017-01-06,-0.5,0,66.14,10.5
"738",2017-01-07,4.4,0,63.41,9.6
"739",2017-01-08,7.6,0,60.69,40.9
"740",2017-01-09,23,0.03,73.58,88.2
"741",2017-01-10,31.8,0.51,85.83,82.8
"742",2017-01-11,22.1,0.08,78.94,70.1
"743",2017-01-12,16.2,0.03,67.48,80.2
"744",2017-01-13,9.3,0,62.93,60.7
"745",2017-01-14,17.4,0,74.46,35.5
"746",2017-01-15,20,0,72.71,38.6
"747",2017-01-16,29.7,0.56,91.54,81.8
"748",2017-01-17,33.9,0.09,98.56,97
"749",2017-01-18,33.3,0,92.71,87.7
"750",2017-01-19,34.3,0.2,97.47,92.2
"751",2017-01-20,36.1,0.2,97.67,89.8
"752",2017-01-21,40.6,0.01,97.9,86.7
"753",2017-01-22,38.7,0,95.73,93.7
"754",2017-01-23,36.8,0,93.31,97.5
"755",2017-01-24,35.1,0.1,87.12,98.9
"756",2017-01-25,32.9,0.62,96.39,89.8
"757",2017-01-26,30,0.01,81.47,93.9
"758",2017-01-27,24,0,76.82,88.4
"759",2017-01-28,24.6,0,78.16,75.4
"760",2017-01-29,22.6,0,65.53,87.8
"761",2017-01-30,17.3,0.09,78.11,59.7
"762",2017-01-31,33.5,0.07,80.17,78.1
"763",2017-02-01,25.5,0,69.41,44.4
"764",2017-02-02,12,0,58.99,14.1
"765",2017-02-03,13.3,0,56.13,8.3
"766",2017-02-04,20.5,0,60.66,58.6
"767",2017-02-05,27,0,64.39,53.2
"768",2017-02-06,27.3,0,79.61,55.7
"769",2017-02-07,33.3,0.23,93.17,86
"770",2017-02-08,19.7,0,66.8,66.1
"771",2017-02-09,13.7,0,54.01,12.3
"772",2017-02-10,30.4,0,64.48,63.9
"773",2017-02-11,38.1,0,78.29,79.1
"774",2017-02-12,35.5,0.04,67.11,38.8
"775",2017-02-13,35.3,0,60.43,8.1
"776",2017-02-14,37.6,0,62.6,32.4
"777",2017-02-15,28.7,0,50.23,54.9
"778",2017-02-16,32.5,0,53.96,68.8
"779",2017-02-17,42.6,0,64.07,6.9
"780",2017-02-18,47.4,0,67.04,16.7
"781",2017-02-19,44.4,0,68.72,33.5
"782",2017-02-20,52,0.43,78.63,53.6
"783",2017-02-21,52.4,0.04,72.71,54.8
"784",2017-02-22,55.5,0,72.18,21.5
"785",2017-02-23,41.8,0.24,81.14,77.1
"786",2017-02-24,30.4,0.32,92.42,96.4
"787",2017-02-25,20.3,0.05,74.95,79.6
"788",2017-02-26,31.6,0,65.95,42.8
"789",2017-02-27,35.7,0,71.02,38.2
"790",2017-02-28,45.1,0.53,93.77,89.3
"791",2017-03-01,32.2,0.58,91.08,76.5
"792",2017-03-02,25.4,0,68.39,61.3
"793",2017-03-03,21.2,0.01,49.49,39
"794",2017-03-04,30.8,0.01,80.95,78.3
"795",2017-03-05,42.7,0,70.09,71.9
"796",2017-03-06,54.2,0.01,84.47,97
"797",2017-03-07,43.7,0.38,58.61,56.4
"798",2017-03-08,38.3,0,39.24,9.2
"799",2017-03-09,32.9,0,43.93,84.1
"800",2017-03-10,21.4,0,32.86,22.4
"801",2017-03-11,19.3,0,30.18,58
"802",2017-03-12,22.2,0.07,50.06,50.5
"803",2017-03-13,21.8,0.14,83,87.6
"804",2017-03-14,16.4,0,57.62,26.1
"805",2017-03-15,22.1,0,45.87,0
"806",2017-03-16,27.7,0,57.48,30.2
"807",2017-03-17,38.9,0.16,80.81,86.8
"808",2017-03-18,36.9,0,72.06,78.5
"809",2017-03-19,38.9,0,69.59,43.6
"810",2017-03-20,46.8,0,69.28,43.7
"811",2017-03-21,38.3,0,57.68,24.4
"812",2017-03-22,29.2,0,51.68,21.4
"813",2017-03-23,36.5,0.77,59.65,90.5
"814",2017-03-24,46.4,0,78.17,68.4
"815",2017-03-25,38,0.09,92.92,100
"816",2017-03-26,41.8,0.24,96.56,91.3
"817",2017-03-27,44.1,0,90.02,92.9
"818",2017-03-28,46.4,0,75.84,58
"819",2017-03-29,39.9,0.17,81.67,67.8
"820",2017-03-30,38.5,0.53,92.8,93.2
"821",2017-03-31,38.2,0,84.32,83.7
"822",2017-04-01,44.7,0,61.14,37.2
"823",2017-04-02,46.4,0.04,70.86,68
"824",2017-04-03,46.9,0.28,84.98,92.5
"825",2017-04-04,47.8,0.35,82.35,76.5
"826",2017-04-05,42.2,0.14,70.29,70.4
"827",2017-04-06,44,0,50.58,46.2
"828",2017-04-07,44.5,0,38.09,27.7
"829",2017-04-08,55.2,0,44.14,43.3
"830",2017-04-09,64.9,0,59.13,66.8
"831",2017-04-10,60.8,0.02,69.51,63.4
"832",2017-04-11,41.4,0.02,82.73,92.2
"833",2017-04-12,46.4,0,63.41,44.9
"834",2017-04-13,47.5,0.37,75.22,83.2
"835",2017-04-14,52.6,0.13,75.17,73.7
"836",2017-04-15,65.7,0.69,73.27,65
"837",2017-04-16,61,0.4,60.42,56
"838",2017-04-17,54.2,0,54.98,45.4
"839",2017-04-18,56.8,0,59.55,55.3
"840",2017-04-19,55.3,0,74.44,61.6
"841",2017-04-20,48.5,0.42,81.44,88.2
"842",2017-04-21,47.9,0,60.55,70.1
"843",2017-04-22,49.8,0,52.7,14.5
"844",2017-04-23,55.2,0,51.79,17.6
"845",2017-04-24,55.3,0,50.53,47.9
"846",2017-04-25,65.1,0,43.5,53
"847",2017-04-26,59.5,0.49,80.5,87.9
"848",2017-04-27,41.1,0.79,84.2,92
"849",2017-04-28,42.2,0.08,72.37,74
"850",2017-04-29,42.3,0.05,74.25,66
"851",2017-04-30,41,0.23,92.04,98.9
"852",2017-05-01,44.7,0.67,87.7,87.2
"853",2017-05-02,43.1,0.01,75.16,76.3
"854",2017-05-03,48.4,0,58.08,37.4
"855",2017-05-04,51.2,0,58.07,45
"856",2017-05-05,53.8,0.02,58.35,24
"857",2017-05-06,52.4,0.17,63.95,51.8
"858",2017-05-07,48.9,0,50.39,12
"859",2017-05-08,48.6,0,49.29,43.4
"860",2017-05-09,48.6,0.21,62.97,87.6
"861",2017-05-10,55.7,0.09,76.24,75.5
"862",2017-05-11,59.2,0,74.5,60.3
"863",2017-05-12,60.8,0,63.49,47.9
"864",2017-05-13,65.7,0,52.36,45.4
"865",2017-05-14,59.5,0,58.1,25.6
"866",2017-05-15,62.6,0.23,54.88,49.5
"867",2017-05-16,72.1,0.01,66.65,45.8
"868",2017-05-17,73,0.46,65.41,61.2
"869",2017-05-18,61.9,0.02,77.62,80.5
"870",2017-05-19,46.2,0.02,65.62,59.2
"871",2017-05-20,48.3,0.5,80.67,92.3
"872",2017-05-21,52.8,0.01,80.9,70.7
"873",2017-05-22,55.6,0.03,73.02,60.5
"874",2017-05-23,57.6,0.18,85.47,83.1
"875",2017-05-24,52.5,0.01,92.42,96.3
"876",2017-05-25,59.5,0,77.07,75.2
"877",2017-05-26,60.3,0.1,83.53,49.2
"878",2017-05-27,62.1,0,78.52,59.6
"879",2017-05-28,64.6,0.42,67.32,58
"880",2017-05-29,60.9,0.08,62.26,41.2
"881",2017-05-30,59.2,0,63.13,43.8
"882",2017-05-31,60.1,0,58.03,34.1
"883",2017-06-01,62.3,0,54.63,2.6
"884",2017-06-02,67.9,0,55.92,24.2
"885",2017-06-03,75,0.02,56.2,40.8
"886",2017-06-04,77,0,50.92,38.7
"887",2017-06-05,66,0,65.61,30.5
"888",2017-06-06,64.7,0,56.74,27.2
"889",2017-06-07,65.6,0,55.46,8.7
"890",2017-06-08,70.2,0,44.51,46.6
"891",2017-06-09,71.2,0,63.32,34.3
"892",2017-06-10,77.3,0,52.84,37.2
"893",2017-06-11,81.5,0,53.89,29.8
"894",2017-06-12,80,0.36,65.45,46.6
"895",2017-06-13,73.9,0.84,77.6,52.3
"896",2017-06-14,75.8,0.38,75.86,54.6
"897",2017-06-15,77.1,0,64.18,36.6
"898",2017-06-16,76.7,0.15,63.17,42.3
"899",2017-06-17,73,0.67,80.41,61.5
"900",2017-06-18,68.6,0.04,70.86,55.3
"901",2017-06-19,63.7,0.16,76.55,43.5
"902",2017-06-20,62.3,0.04,75.03,35.5
"903",2017-06-21,66,0,70.75,38.8
"904",2017-06-22,72.5,0.2,79.92,66.9
"905",2017-06-23,69.4,1.21,71.06,54.2
"906",2017-06-24,61.6,0.06,69.5,45.1
"907",2017-06-25,57.4,0.11,78.53,41
"908",2017-06-26,57.8,0,70.21,46.4
"909",2017-06-27,63.3,0,58.57,28.9
"910",2017-06-28,65.3,1.24,79.4,60.6
"911",2017-06-29,71.9,0.01,83.13,59.4
"912",2017-06-30,70.6,0.29,79.48,56.2
"913",2017-07-01,69.6,0,68.51,35.7
"914",2017-07-02,70.6,0.24,70.81,46.2
"915",2017-07-03,70.6,0.01,72.46,52.9
"916",2017-07-04,70.8,0,68.97,27.3
"917",2017-07-05,72.6,0.07,78.16,48.6
"918",2017-07-06,77.9,0,73.58,34.9
"919",2017-07-07,72.9,1.53,69.74,42.8
"920",2017-07-08,67.6,0,66.76,21.7
"921",2017-07-09,73.7,0,63.12,48.8
"922",2017-07-10,73.6,0.81,80.98,66.9
"923",2017-07-11,75.5,0,83.95,55.8
"924",2017-07-12,76.5,0.7,83.38,64.6
"925",2017-07-13,73.6,0,76.22,43.1
"926",2017-07-14,63.3,0,78.59,82.9
"927",2017-07-15,70,0,79.36,31.1
"928",2017-07-16,71.2,0.4,79.23,50.8
"929",2017-07-17,67.7,0,70.83,18.6
"930",2017-07-18,74.3,0,76.47,48.3
"931",2017-07-19,75.4,0.7,84.5,67.8
"932",2017-07-20,75.8,0.76,82.57,53.6
"933",2017-07-21,71.8,1.48,92.11,50
"934",2017-07-22,73.6,0.01,87.48,76.7
"935",2017-07-23,74.8,0,74.21,41
"936",2017-07-24,66.5,0,74.45,65.3
"937",2017-07-25,67.8,0,75.5,39.7
"938",2017-07-26,72.7,0.25,84.14,56.3
"939",2017-07-27,73.8,0,74.66,40.3
"940",2017-07-28,69.3,0,69.44,25
"941",2017-07-29,67.2,0,69.6,15.1
"942",2017-07-30,68.8,0,68.07,22.5
"943",2017-07-31,72,0,66.05,41.4
"944",2017-08-01,71.9,0,71.04,21.4
"945",2017-08-02,73.3,0,74.16,41.2
"946",2017-08-03,67.4,0.47,83.18,83.5
"947",2017-08-04,59.8,0.04,78.25,73.3
"948",2017-08-05,66.3,0,70.73,38.6
"949",2017-08-06,66.9,0,79.39,60.6
"950",2017-08-07,66.2,0,73.93,55.2
"951",2017-08-08,68.3,0,67.22,24
"952",2017-08-09,69.3,0,66.26,44.1
"953",2017-08-10,71.5,0.84,70.07,55.8
"954",2017-08-11,65.1,0.01,82.27,55
"955",2017-08-12,64.1,0,70.24,21.9
"956",2017-08-13,64.6,0,72.7,44.5
"957",2017-08-14,67.5,0,74.81,56.7
"958",2017-08-15,67.9,0,81.84,66.7
"959",2017-08-16,71.4,1.69,82.1,54.9
"960",2017-08-17,72.4,0.61,85.22,77.8
"961",2017-08-18,69,0,74.8,79.9
"962",2017-08-19,69.3,0,76.57,18
"963",2017-08-20,70.1,0,80.92,42
"964",2017-08-21,71.4,0,85.48,43.8
"965",2017-08-22,69.2,0,69.13,54.5
"966",2017-08-23,63.4,0,69.79,25.5
"967",2017-08-24,59.8,0,73.28,41.1
"968",2017-08-25,59.2,0,71.07,31.6
"969",2017-08-26,63,0.01,76.3,69.3
"970",2017-08-27,65.4,0.17,84.38,77.8
"971",2017-08-28,66.7,0,87.84,74.1
"972",2017-08-29,65.7,0,81.73,60.8
"973",2017-08-30,66,0.33,81.09,38.1
"974",2017-08-31,61.6,0,79.86,68.6
"975",2017-09-01,58.6,0,71.78,26.2
"976",2017-09-02,57.1,0.07,83.5,47.6
"977",2017-09-03,66.7,0,71.9,50.7
"978",2017-09-04,68.7,0,65.64,65
"979",2017-09-05,55.5,0.03,75.96,40.9
"980",2017-09-06,53.9,0,77.82,53.8
"981",2017-09-07,56.5,0,77.55,61.9
"982",2017-09-08,57,0.06,82.11,67.4
"983",2017-09-09,58.5,0,71.86,21.4
"984",2017-09-10,58.5,0,69.47,0
"985",2017-09-11,58.8,0,73.91,7.8
"986",2017-09-12,64.8,0,77.67,15.7
"987",2017-09-13,65.3,0,75.46,3.6
"988",2017-09-14,68,0,72.14,18.7
"989",2017-09-15,74.5,0,62.18,21.7
"990",2017-09-16,75.8,0,64.86,33.2
"991",2017-09-17,67.2,0.03,76.67,56.6
"992",2017-09-18,61.9,0,69.31,34.7
"993",2017-09-19,67.8,0,74.81,22.1
"994",2017-09-20,75.4,0.36,76.29,40.3
"995",2017-09-21,75.5,0.03,81.16,54.8
"996",2017-09-22,79.3,0,67.55,14.2
"997",2017-09-23,78.6,0,64.66,11.9
"998",2017-09-24,77.7,0,62.94,2.8
"999",2017-09-25,75,0,66.99,16.3
"1000",2017-09-26,70.4,0.01,77.89,50.9
"1001",2017-09-27,57.9,0,73.13,50.1
"1002",2017-09-28,58.7,0,67.39,15.4
"1003",2017-09-29,57.6,0,67.72,35.3
"1004",2017-09-30,54.1,0,70.08,29
"1005",2017-10-01,58.6,0,57.15,37.1
"1006",2017-10-02,69,0,59.45,44.3
"1007",2017-10-03,72.2,0.06,68.72,61.5
"1008",2017-10-04,61.3,0.64,73.29,38.7
"1009",2017-10-05,54.6,0.31,76.9,56.7
"1010",2017-10-06,60.3,0.23,93.16,94.8
"1011",2017-10-07,65.7,0.46,85.91,76.9
"1012",2017-10-08,63.5,0,73.1,3.5
"1013",2017-10-09,58,0,79.57,12.6
"1014",2017-10-10,52.3,0.23,72.49,76.4
"1015",2017-10-11,53.7,0.3,89.56,97.9
"1016",2017-10-12,56,0.02,93.82,96.7
"1017",2017-10-13,57.6,0.24,90.45,88.1
"1018",2017-10-14,59.3,0.33,97.2,95.7
"1019",2017-10-15,52,0.03,80.79,78.1
"1020",2017-10-16,50.1,0,66.77,24
"1021",2017-10-17,59.5,0,52.2,19.4
"1022",2017-10-18,59.9,0,56.8,9.8
"1023",2017-10-19,57,0,51.36,43.6
"1024",2017-10-20,62.9,0,55.61,32
"1025",2017-10-21,67.5,0,60.87,38.5
"1026",2017-10-22,56.5,0.23,85.85,70
"1027",2017-10-23,49.1,0.12,83.99,49.5
"1028",2017-10-24,44.3,0.4,80.38,82.4
"1029",2017-10-25,42.2,0,64.85,35.7
"1030",2017-10-26,48.4,0,67.44,52.4
"1031",2017-10-27,38.2,0,73.54,94.5
"1032",2017-10-28,36,0.01,75.68,91
"1033",2017-10-29,37.4,0,66.05,67.3
"1034",2017-10-30,38.7,0,75.16,75.2
"1035",2017-10-31,33.7,0,60.11,89.5
"1036",2017-11-01,36.5,0.08,73.58,84.9
"1037",2017-11-02,43.8,0.01,90.9,81.6
"1038",2017-11-03,39.2,0,69.79,70.9
"1039",2017-11-04,42.2,0.23,93.1,91.5
"1040",2017-11-05,44,0,86.76,91.2
"1041",2017-11-06,33.1,0,64.27,76.8
"1042",2017-11-07,33.5,0,69.14,42.7
"1043",2017-11-08,34.6,0,71.3,16.9
"1044",2017-11-09,30.5,0,57.56,54.3
"1045",2017-11-10,20.5,0,61.77,44.3
"1046",2017-11-11,31.2,0,61.55,87.4
"1047",2017-11-12,34,0,82.49,72
"1048",2017-11-13,32.3,0,88.44,67.6
"1049",2017-11-14,39.2,0,84.42,95.3
"1050",2017-11-15,42.6,0.1,79.62,94.8
"1051",2017-11-16,32.8,0,74.38,90.7
"1052",2017-11-17,36.5,0.15,85.08,96.6
"1053",2017-11-18,36.3,0.1,86.28,87.7
"1054",2017-11-19,28.7,0,61.17,43.9
"1055",2017-11-20,41.8,0,60.67,45.1
"1056",2017-11-21,35,0,54.23,32.5
"1057",2017-11-22,25.7,0,62.13,41
"1058",2017-11-23,35.5,0,56.88,35.2
"1059",2017-11-24,50.2,0,57.41,32.3
"1060",2017-11-25,39.8,0,64.55,25.8
"1061",2017-11-26,36.7,0,67.07,41.4
"1062",2017-11-27,42.1,0,72.48,39.6
"1063",2017-11-28,50.6,0,45.77,40.9
"1064",2017-11-29,36.2,0,55.66,20.5
"1065",2017-11-30,41.2,0,57.24,21
"1066",2017-12-01,36.6,0,65.63,40.6
"1067",2017-12-02,39.8,0,60.16,40.1
"1068",2017-12-03,38.9,0,67.02,39.1
"1069",2017-12-04,53.9,0.5,75.25,85.5
"1070",2017-12-05,28.3,0,56.38,47.2
"1071",2017-12-06,24.5,0,57.62,28.1
"1072",2017-12-07,19.5,0,59.23,41.7
"1073",2017-12-08,26.4,0,61.16,49
"1074",2017-12-09,23.8,0.04,72.82,64.9
"1075",2017-12-10,24.9,0,72.09,84
"1076",2017-12-11,27.6,0.03,79.89,81.8
"1077",2017-12-12,17.9,0,57.47,66.7
"1078",2017-12-13,25.6,0,69.08,89.7
"1079",2017-12-14,19.2,0,71.43,39.7
"1080",2017-12-15,27.3,0,72.96,90
"1081",2017-12-16,33.6,0,75.7,76.9
"1082",2017-12-17,32.5,0,88.69,99.5
"1083",2017-12-18,35.1,0.05,86.87,85.6
"1084",2017-12-19,38.6,0,57.13,24.9
"1085",2017-12-20,24.2,0,61.3,53
"1086",2017-12-21,29.7,0,80.4,88
"1087",2017-12-22,30.1,0,84.3,90.8
"1088",2017-12-23,19.1,0,72.66,44.3
"1089",2017-12-24,17.6,0.08,79.52,61.1
"1090",2017-12-25,8.6,0,65.48,43.1
"1091",2017-12-26,-2.3,0,67.65,18.8
"1092",2017-12-27,-2.4,0,71.67,15.4
"1093",2017-12-28,4.6,0.04,74.94,73.4
"1094",2017-12-29,10.5,0.04,81.08,86
"1095",2017-12-30,-1,0,64.93,28.3
"1096",2017-12-31,-1,0,64.18,32.7
"1097",2018-01-01,-5.3,0,65.44,0
"1098",2018-01-02,1.8,0,61.33,44.8
"1099",2018-01-03,8.9,0.01,69.05,58.7
"1100",2018-01-04,0.3,0,70.6,1.7
"1101",2018-01-05,-1.2,0,73.12,7.6
"1102",2018-01-06,1,0,69.42,32.5
"1103",2018-01-07,21,0.02,68.95,91.3
"1104",2018-01-08,32.4,0,75.6,37.4
"1105",2018-01-09,30.4,0,82.63,49.6
"1106",2018-01-10,37.7,0.01,95.98,95.8
"1107",2018-01-11,38.5,0.15,87.41,97.4
"1108",2018-01-12,12.9,0,68.36,51.9
"1109",2018-01-13,2.4,0,63.21,0
"1110",2018-01-14,7.6,0.05,75.06,63.2
"1111",2018-01-15,17.4,0.14,85.78,99.7
"1112",2018-01-16,14.1,0,78.87,48.3
"1113",2018-01-17,12.3,0,71.7,24.6
"1114",2018-01-18,24.6,0,66.66,19.4
"1115",2018-01-19,33,0,68,52.2
"1116",2018-01-20,36.5,0,74.88,39.2
"1117",2018-01-21,33.8,0.09,95.94,81.5
"1118",2018-01-22,36,1.03,97.16,100
"1119",2018-01-23,27.4,0.02,83.7,100
"1120",2018-01-24,25.7,0,78.28,98.3
"1121",2018-01-25,28.4,0,87.11,59.2
"1122",2018-01-26,39.1,0.02,72.66,51.5
"1123",2018-01-27,38.3,0,68.25,20.6
"1124",2018-01-28,25.7,0.02,81.86,71.8
"1125",2018-01-29,19.5,0,71.75,65.3
"1126",2018-01-30,18.6,0,65.72,47.5
"1127",2018-01-31,33.8,0,60.72,69.1
"1128",2018-02-01,12.3,0,53.13,20.8
"1129",2018-02-02,9.1,0,54.15,39.2
"1130",2018-02-03,24.8,0.21,72.16,96.9
"1131",2018-02-04,9.9,0.08,71.32,61.6
"1132",2018-02-05,2.5,0.11,76.15,61.1
"1133",2018-02-06,7.7,0,66.81,58.2
"1134",2018-02-07,8.3,0.05,77.38,71.1
"1135",2018-02-08,12.1,0.05,73.76,78.1
"1136",2018-02-09,11.7,0.16,78.86,63.3
"1137",2018-02-10,10.9,0,60.72,84.2
"1138",2018-02-11,15.4,0.11,67.56,55.2
"1139",2018-02-12,7.9,0,65.07,33
"1140",2018-02-13,18.6,0,67.94,50.1
"1141",2018-02-14,33.8,0,78.64,35.3
"1142",2018-02-15,39.4,0,80.45,66.2
"1143",2018-02-16,24.8,0,56.22,34.6
"1144",2018-02-17,22.9,0.03,70.18,60.2
"1145",2018-02-18,27.9,0,81.51,51.1
"1146",2018-02-19,36.4,0.36,91.98,97.3
"1147",2018-02-20,33.4,0.59,92.7,96.7
"1148",2018-02-21,22.5,0,66.89,69.5
"1149",2018-02-22,27.9,0.02,76.37,93.5
"1150",2018-02-23,34.7,0.09,86.79,83.5
"1151",2018-02-24,32.1,0.31,85.35,92.7
"1152",2018-02-25,32.4,0.08,71.01,49.3
"1153",2018-02-26,36.5,0,67.39,6.1
"1154",2018-02-27,46.3,0,63.57,45.3
"1155",2018-02-28,37.1,0,89.15,56.6
"1156",2018-03-01,35.5,0,70.33,49.9
"1157",2018-03-02,34.5,0,61.44,36.7
"1158",2018-03-03,36.5,0,53.22,40.7
"1159",2018-03-04,36.6,0,52.96,33.5
"1160",2018-03-05,32.9,0.18,68.19,81.7
"1161",2018-03-06,30.7,0.07,88.93,99.3
"1162",2018-03-07,23.4,0,68.34,72.8
"1163",2018-03-08,23.4,0,62.7,57.5
"1164",2018-03-09,24.7,0,61.43,38.4
"1165",2018-03-10,27.6,0,65.56,19.2
"1166",2018-03-11,32.2,0,66.74,69
"1167",2018-03-12,35.6,0,63.33,69.7
"1168",2018-03-13,28.7,0,58.24,67.8
"1169",2018-03-14,32.9,0,57.82,18.3
"1170",2018-03-15,34.7,0,57.12,8.6
"1171",2018-03-16,28.8,0,56.23,46.4
"1172",2018-03-17,34.5,0,60.47,18.3
"1173",2018-03-18,39.6,0,53.3,37.3
"1174",2018-03-19,37.2,0,58.81,51.9
"1175",2018-03-20,28.8,0,63.74,58.9
"1176",2018-03-21,30.2,0,55.96,25
"1177",2018-03-22,33.1,0,58.36,15.5
"1178",2018-03-23,32.2,0,56.87,37
"1179",2018-03-24,32.6,0,59.35,48
"1180",2018-03-25,32,0,52.01,35.6
"1181",2018-03-26,36.5,0.11,65.59,64.6
"1182",2018-03-27,41.7,0.26,85.73,83.4
"1183",2018-03-28,41.3,0,74.24,51.5
"1184",2018-03-29,43.6,0,58.51,71.8
"1185",2018-03-30,37.3,0,49.97,58
"1186",2018-03-31,37.6,0.1,65.88,72.3
"1187",2018-04-01,25.8,0,50.92,43.2
"1188",2018-04-02,30.6,0,54.51,56.9
"1189",2018-04-03,32,0.2,86.57,98.5
"1190",2018-04-04,26.4,0.04,66.86,66.7
"1191",2018-04-05,30,0,65.23,62.5
"1192",2018-04-06,28.9,0,57.39,58
"1193",2018-04-07,24.5,0,47.73,11.8
"1194",2018-04-08,28.4,0,50.72,51.1
"1195",2018-04-09,31.2,0.03,74.44,82.1
"1196",2018-04-10,34,0,60.64,57.1
"1197",2018-04-11,46.6,0.03,59.55,78.5
"1198",2018-04-12,47.8,0.03,82.32,75.2
"1199",2018-04-13,38.1,0.2,90.3,98
"1200",2018-04-14,32.7,0.48,91.76,97
"1201",2018-04-15,27.3,0.14,86.69,98.5
"1202",2018-04-16,28.4,0.04,75.07,99.6
"1203",2018-04-17,31.7,0,64.57,63.5
"1204",2018-04-18,31,0.68,85.13,77.7
"1205",2018-04-19,36.6,0,63.09,27.2
"1206",2018-04-20,40.6,0,56.73,37.6
"1207",2018-04-21,43.7,0,60.72,63.7
"1208",2018-04-22,47.2,0,55.73,45.6
"1209",2018-04-23,50.6,0,48.34,45
"1210",2018-04-24,55.9,0,46.9,42.2
"1211",2018-04-25,49.8,0,50.48,29.7
"1212",2018-04-26,52.9,0,47.61,52.9
"1213",2018-04-27,47.1,0.02,63.86,66.9
"1214",2018-04-28,44.1,0,52.3,23.3
"1215",2018-04-29,46.8,0,40.74,0
"1216",2018-04-30,63.7,0,31.34,32.5
"1217",2018-05-01,69,0.1,49.1,56.1
"1218",2018-05-02,66.2,1.52,83.5,90.6
"1219",2018-05-03,59.8,1.24,92.52,99.1
"1220",2018-05-04,62.7,0.45,70.38,61.5
"1221",2018-05-05,65.5,0,50.98,23.6
"1222",2018-05-06,62.3,0.03,66.83,65.2
"1223",2018-05-07,63.3,0,53.54,12.9
"1224",2018-05-08,69.7,0,41.74,45.7
"1225",2018-05-09,63.1,1.36,73.09,87
"1226",2018-05-10,60.4,0.01,68.09,84.2
"1227",2018-05-11,41.1,0.91,86.4,100
"1228",2018-05-12,48.5,0.43,80.2,97.6
"1229",2018-05-13,52.2,0.27,89.9,98.1
"1230",2018-05-14,62.2,1.08,90.14,95.7
"1231",2018-05-15,67,0,67.81,54.8
"1232",2018-05-16,66.1,0,58.53,7.9
"1233",2018-05-17,64.6,0,64.4,44.9
"1234",2018-05-18,62.7,0,54.39,46.7
"1235",2018-05-19,63.6,0.03,82.05,92.3
"1236",2018-05-20,53.7,0.69,85.28,94.8
"1237",2018-05-21,53.8,0.42,88.57,90.7
"1238",2018-05-22,58.7,0.02,87.45,81
"1239",2018-05-23,65.7,0,77.62,49.9
"1240",2018-05-24,73.6,0,61.58,38.8
"1241",2018-05-25,76.5,0,62.81,49.2
"1242",2018-05-26,76.9,0,62.58,18.4
"1243",2018-05-27,80.3,0,62.36,44.1
"1244",2018-05-28,79.1,0,64.24,42.7
"1245",2018-05-29,79.3,0,59.98,54.7
"1246",2018-05-30,72.2,0.85,82.59,73.7
"1247",2018-05-31,76.3,0,69.56,55.2
"1248",2018-06-01,69.7,0,79.67,47.9
"1249",2018-06-02,61,0.07,81.88,86.8
"1250",2018-06-03,62.1,0.06,72.65,51.4
"1251",2018-06-04,67.1,0,56.32,28.8
"1252",2018-06-05,66.2,0,63.82,51
"1253",2018-06-06,61.3,0.22,68.62,58
"1254",2018-06-07,70,0,71.3,56.8
"1255",2018-06-08,65.5,0.04,67.7,68.8
"1256",2018-06-09,69.3,0.01,77.02,82.1
"1257",2018-06-10,63.1,1.21,90.75,99.6
"1258",2018-06-11,66.9,0,76.31,90.6
"1259",2018-06-12,70.9,0,85.06,95.8
"1260",2018-06-13,71.5,0,58.72,32.8
"1261",2018-06-14,67.9,0,64.11,54.4
"1262",2018-06-15,72.8,0.23,71.56,70.4
"1263",2018-06-16,79,1.5,74.46,59.3
"1264",2018-06-17,84.2,0,66.31,51.9
"1265",2018-06-18,80.3,0.52,75.78,67
"1266",2018-06-19,65,0.88,91.71,99.6
"1267",2018-06-20,66.8,0.11,86.81,99
"1268",2018-06-21,63.9,0.25,85.84,99.6
"1269",2018-06-22,64.7,0.03,75.15,89.9
"1270",2018-06-23,69.3,0,66.86,56.9
"1271",2018-06-24,72.7,0,67.93,37.6
"1272",2018-06-25,68.2,0,71.61,54.7
"1273",2018-06-26,66.9,0.66,87.15,91.3
"1274",2018-06-27,71.2,0,83.92,80.2
"1275",2018-06-28,74.8,0,76.13,47.6
"1276",2018-06-29,82.3,0,73.4,17.4
"1277",2018-06-30,83.3,0.1,73.8,43.8
"1278",2018-07-01,76.5,0.86,79.59,67.3
"1279",2018-07-02,73.2,0,68.87,18.1
"1280",2018-07-03,75.9,0,65.36,40
"1281",2018-07-04,81.5,0,71.78,39.3
"1282",2018-07-05,77.4,0,73.68,49.8
"1283",2018-07-06,68.9,0,58.84,2.6
"1284",2018-07-07,68.1,0,55.8,5.9
"1285",2018-07-08,73.3,0,56.73,1.7
"1286",2018-07-09,78,0,65.33,41.7
"1287",2018-07-10,77.3,0,63.87,45.5
"1288",2018-07-11,74.4,0,59.7,38.7
"1289",2018-07-12,77.4,0,64.22,51.9
"1290",2018-07-13,79.7,1.01,73.38,62.9
"1291",2018-07-14,74.7,0.2,86.97,81.6
"1292",2018-07-15,78.1,0,80.12,69.6
"1293",2018-07-16,76.6,0,70.32,40.4
"1294",2018-07-17,71.8,0,62.02,35.9
"1295",2018-07-18,71,0,66.16,47.8
"1296",2018-07-19,70.4,0.04,67.56,54.5
"1297",2018-07-20,69.6,1.37,92.23,99.6
"1298",2018-07-21,70.6,0.1,83.39,93.8
"1299",2018-07-22,69.5,0,82.58,75.3
"1300",2018-07-23,71.6,0,75.93,34
"1301",2018-07-24,74.1,0,69.39,27.9
"1302",2018-07-25,73.1,0,66.67,47
"1303",2018-07-26,68.7,0,68.96,52.8
"1304",2018-07-27,66.2,0,68.19,45.7
"1305",2018-07-28,66.7,0,67.28,36
"1306",2018-07-29,68.4,0,70.99,43
"1307",2018-07-30,66.8,0.22,79.79,42.6
"1308",2018-07-31,67.2,0,74.58,52.1
"1309",2018-08-01,72.3,0,69.85,57.3
"1310",2018-08-02,67.5,0.22,82.47,78.2
"1311",2018-08-03,70.5,0,77.83,77.9
"1312",2018-08-04,79.5,0,68.09,53.1
"1313",2018-08-05,77.7,0.11,69.97,72.6
"1314",2018-08-06,71.4,0.82,85.25,76.1
"1315",2018-08-07,68.2,0.01,88.89,63.3
"1316",2018-08-08,71.1,0,80.54,50.3
"1317",2018-08-09,73.9,0.75,82.87,46.2
"1318",2018-08-10,71.4,0,77.16,39.8
"1319",2018-08-11,74.4,0,71.66,29.3
"1320",2018-08-12,76.4,0,72.85,24
"1321",2018-08-13,75.2,0,75.28,19.8
"1322",2018-08-14,73.9,0,77.29,43.9
"1323",2018-08-15,73.9,0.05,83.78,59.5
"1324",2018-08-16,72.1,1.12,89.4,76.8
"1325",2018-08-17,72.1,1.32,88.76,80.6
"1326",2018-08-18,70.3,0,86.05,50.8
"1327",2018-08-19,70.9,0,83.43,65.6
"1328",2018-08-20,70.1,3.41,90.29,78.8
"1329",2018-08-21,66.6,1.67,84.06,90.4
"1330",2018-08-22,64.9,0,67.29,13.1
"1331",2018-08-23,66.5,0,68.88,18.1
"1332",2018-08-24,65,0.04,83.98,81.8
"1333",2018-08-25,72.5,0,85.39,68.6
"1334",2018-08-26,73,0.82,87.91,67.4
"1335",2018-08-27,79.6,0.09,77.66,72
"1336",2018-08-28,74.5,1.07,85.69,77.5
"1337",2018-08-29,65.3,0.03,79.55,82.4
"1338",2018-08-30,63.8,0,78.79,39.3
"1339",2018-08-31,70.8,0,72.44,68
"1340",2018-09-01,73.1,0.13,83.32,77.1
"1341",2018-09-02,72.4,1.31,90.07,81.2
"1342",2018-09-03,71.5,0.45,96.01,95.7
"1343",2018-09-04,78.6,0.01,78.29,45.7
"1344",2018-09-05,72.8,0.81,89.62,85.4
"1345",2018-09-06,65.3,0.01,74.92,63.2
"1346",2018-09-07,59,0,77.79,61.1
"1347",2018-09-08,60.9,0,73.1,59
"1348",2018-09-09,58.2,0,73.06,20.1
"1349",2018-09-10,58.2,0,75.45,10.6
"1350",2018-09-11,64.9,0,70.84,7.8
"1351",2018-09-12,68.2,0,70.33,7.5
"1352",2018-09-13,67.1,0,73.29,1.7
"1353",2018-09-14,69.9,0,76.85,19.2
"1354",2018-09-15,73.3,0,72.41,31
"1355",2018-09-16,71.8,0,78.98,26.7
"1356",2018-09-17,75.5,0,71.98,26
"1357",2018-09-18,66,0.39,91.15,70.6
"1358",2018-09-19,62.9,0.11,92.75,91.2
"1359",2018-09-20,71.3,0.6,85.56,71.6
"1360",2018-09-21,63.4,0.17,72.82,82.1
"1361",2018-09-22,53.2,0,71.35,17.9
"1362",2018-09-23,58.3,0,71.42,11.9
"1363",2018-09-24,63.8,0,78.62,49.1
"1364",2018-09-25,64.6,0.65,87.91,86
"1365",2018-09-26,53.6,0,73.4,33
"1366",2018-09-27,57.2,0,63.1,56.2
"1367",2018-09-28,50.8,0.01,73.85,80.4
"1368",2018-09-29,44.2,0.24,75.99,66
"1369",2018-09-30,48.6,0.26,96.04,100
"1370",2018-10-01,51.1,2.27,97.41,100
"1371",2018-10-02,53.6,0.21,90.51,100
"1372",2018-10-03,70.9,0,76.5,80.9
"1373",2018-10-04,51.1,0,65.11,27.4
"1374",2018-10-05,52.7,0.27,90.1,99.9
"1375",2018-10-06,54,0.58,90.09,99.6
"1376",2018-10-07,50.5,0.37,93.42,100
"1377",2018-10-08,66.8,0.44,85.49,88.6
"1378",2018-10-09,72.2,0.07,78.89,67.6
"1379",2018-10-10,65.5,0.68,85.91,94.2
"1380",2018-10-11,41.9,0,67.54,95.2
"1381",2018-10-12,37.4,0,71.13,81.4
"1382",2018-10-13,39.9,0,74.6,61
"1383",2018-10-14,43.9,0.02,84.5,90.6
"1384",2018-10-15,37.4,0.04,68.61,56.4
"1385",2018-10-16,45.4,0,57.85,22.8
"1386",2018-10-17,42.3,0,54.34,33.6
"1387",2018-10-18,43.5,0,63.12,0
"1388",2018-10-19,51.1,0.04,73.83,52.9
"1389",2018-10-20,40.1,0,60.86,30.7
"1390",2018-10-21,37.1,0,58.62,13.6
"1391",2018-10-22,46.2,0,56.03,18.3
"1392",2018-10-23,42.9,0,60.42,8.5
"1393",2018-10-24,40.4,0.02,75.53,32.7
"1394",2018-10-25,43.8,0,69.25,59.4
"1395",2018-10-26,45.8,0,73.7,96
"1396",2018-10-27,44.4,0.01,83.82,97.6
"1397",2018-10-28,45.5,0.09,85.53,95.1
"1398",2018-10-29,45.2,0,74.64,72.8
"1399",2018-10-30,48,0.37,83.19,75.4
"1400",2018-10-31,47.5,0,68.35,60.2
"1401",2018-11-01,41.2,0,79.65,56.7
"1402",2018-11-02,38.1,0,79.57,70.1
"1403",2018-11-03,39.9,0.04,70.75,95.6
"1404",2018-11-04,45.7,0.71,92.09,99.4
"1405",2018-11-05,43.9,0.34,82.88,99.1
"1406",2018-11-06,42.9,0.24,85.06,99.6
"1407",2018-11-07,33.6,0,71.03,99.6
"1408",2018-11-08,31.7,0,70.11,100
"1409",2018-11-09,26.4,0.06,71.75,89.7
"1410",2018-11-10,24.4,0,59.19,69.2
"1411",2018-11-11,32.8,0,60.49,91.4
"1412",2018-11-12,25.9,0,63.69,100
"1413",2018-11-13,20.4,0,56.31,43.6
"1414",2018-11-14,23.7,0,66.97,0.9
"1415",2018-11-15,29.9,0,68.22,31.8
"1416",2018-11-16,34.1,0.03,77.77,94.7
"1417",2018-11-17,28.8,0.07,80.58,94.7
"1418",2018-11-18,24.3,0,65.22,19.1
"1419",2018-11-19,27,0,67.3,70.7
"1420",2018-11-20,27.9,0,68.46,84.5
"1421",2018-11-21,27.9,0.01,68.84,99
"1422",2018-11-22,31.8,0,74.64,99.8
"1423",2018-11-23,40.6,0,80.42,62.9
"1424",2018-11-24,41.2,0.1,88.15,100
"1425",2018-11-25,32.4,0,74.91,98
"1426",2018-11-26,25.3,0,66.2,97
"1427",2018-11-27,20.5,0,68.84,89.5
"1428",2018-11-28,23.1,0.06,70.89,91.3
"1429",2018-11-29,28.8,0.03,81.82,99.8
"1430",2018-11-30,30.8,0,85.97,99.9
"1431",2018-12-01,34.7,0.49,93.53,100
"1432",2018-12-02,34.1,0.1,91.73,100
"1433",2018-12-03,29.2,0.01,78.88,100
"1434",2018-12-04,26.8,0,70.66,99.2
"1435",2018-12-05,27.5,0,76.76,87
"1436",2018-12-06,22.7,0,67.7,60.5
"1437",2018-12-07,19.5,0,64.29,87.8
"1438",2018-12-08,23,0,75.47,63.3
"1439",2018-12-09,20.2,0,85.58,45.4
"1440",2018-12-10,24,0,76.91,6.8
"1441",2018-12-11,25.4,0,80.18,50.3
"1442",2018-12-12,31,0.04,88.35,86
"1443",2018-12-13,30.6,0,85.34,73
"1444",2018-12-14,31.6,0,83.78,49.9
"1445",2018-12-15,29.6,0,80.9,10.4
"1446",2018-12-16,34.2,0,73.7,29.2
"1447",2018-12-17,31.7,0,62.34,11.9
"1448",2018-12-18,32.1,0,68.24,33.6
"1449",2018-12-19,38.9,0,76.32,62.5
"1450",2018-12-20,38.8,0.08,88.07,99.9
"1451",2018-12-21,30.2,0,77.19,100
"1452",2018-12-22,28,0,78.35,100
"1453",2018-12-23,30.4,0,72.5,86.6
"1454",2018-12-24,23.9,0,67.01,56
"1455",2018-12-25,28.8,0.01,85.3,94.1
"1456",2018-12-26,34.2,0.02,85.48,85.1
"1457",2018-12-27,41.8,0.69,91.01,100
"1458",2018-12-28,34.8,0.07,88.22,99.5
"1459",2018-12-29,22.5,0,81.34,99.9
"1460",2018-12-30,26.3,0,74.93,57.9
"1461",2018-12-31,31.1,0.56,90.48,80.5
"1462",2019-01-01,21.6,0.01,78.98,84.3
"1463",2019-01-02,23.3,0.04,82.2,85.2
"1464",2019-01-03,29.2,0,76.5,14.5
"1465",2019-01-04,36,0,72.15,9.3
"1466",2019-01-05,36.7,0,74.93,10.5
"1467",2019-01-06,31.8,0,84.28,52.3
"1468",2019-01-07,41,0.96,89.36,97.4
"1469",2019-01-08,33.6,0,74.04,88.3
"1470",2019-01-09,16.8,0,61.03,56.3
"1471",2019-01-10,17.8,0,69.98,26.3
"1472",2019-01-11,24.1,0,77.62,74
"1473",2019-01-12,29.8,0,74.93,91.6
"1474",2019-01-13,28.1,0,74.97,100
"1475",2019-01-14,26.2,0,81.32,93.8
"1476",2019-01-15,29,0,87.09,97.8
"1477",2019-01-16,26.3,0,65.67,71.6
"1478",2019-01-17,27.6,0,76.56,97.9
"1479",2019-01-18,19.4,0.3,74.02,78.9
"1480",2019-01-19,11.9,0.11,76.14,57.4
"1481",2019-01-20,0.3,0,70.47,8.1
"1482",2019-01-21,2.8,0,70.79,49.8
"1483",2019-01-22,19.7,0.16,76.21,72.5
"1484",2019-01-23,17.7,0.28,81.98,69
"1485",2019-01-24,10.4,0,77.42,64.3
"1486",2019-01-25,-5.9,0,68.9,42.6
"1487",2019-01-26,-7.1,0.03,75.33,61.6
"1488",2019-01-27,-1.3,0.01,70.32,42.5
"1489",2019-01-28,12,0.43,81.64,86
"1490",2019-01-29,-1.9,0,61.05,49.1
"1491",2019-01-30,-18.9,0,58.02,14.5
"1492",2019-01-31,-14.5,0.02,65.24,54.7
"1493",2019-02-01,5.9,0,74.93,78.2
"1494",2019-02-02,30,0.01,90.26,79.3
"1495",2019-02-03,40.8,0,99.06,85
"1496",2019-02-04,37.4,0.25,91.16,91.5
"1497",2019-02-05,22.5,0.09,77.9,78.6
"1498",2019-02-06,25.5,0.05,91.57,99.8
"1499",2019-02-07,23.2,0.25,88.98,91.8
"1500",2019-02-08,3.9,0,70.97,44.6
"1501",2019-02-09,8.2,0,70.22,52.4
"1502",2019-02-10,23.7,0.07,83.23,89.6
"1503",2019-02-11,26.2,0.08,87.23,98.1
"1504",2019-02-12,26.6,0.48,88.09,75.5
"1505",2019-02-13,19.5,0,73.25,61.3
"1506",2019-02-14,30.5,0.01,77.37,71.7
"1507",2019-02-15,10.3,0,65.03,25.3
"1508",2019-02-16,13.4,0,75.32,57
"1509",2019-02-17,22.3,0.19,84.36,86.5
"1510",2019-02-18,16.7,0.03,75.3,42
"1511",2019-02-19,12,0,74.48,43.8
"1512",2019-02-20,29.3,0.28,83.75,88.4
"1513",2019-02-21,20.6,0,68.93,24.8
"1514",2019-02-22,21.9,0,71.39,56.3
"1515",2019-02-23,32.7,0.64,88.33,95
"1516",2019-02-24,24.5,0.13,77.41,65.6
"1517",2019-02-25,6.3,0,61.47,60.4
"1518",2019-02-26,9.3,0.05,70.46,90.5
"1519",2019-02-27,13.9,0.04,76.63,70
"1520",2019-02-28,12.8,0,62.7,64.2
"1521",2019-03-01,23.7,0.03,58.24,93
"1522",2019-03-02,22.3,0.04,78.56,86.6
"1523",2019-03-03,7.8,0,55.83,30.1
"1524",2019-03-04,-0.8,0,66.57,21.2
"1525",2019-03-05,9,0,64.65,50.6
"1526",2019-03-06,13.5,0,66.98,36.8
"1527",2019-03-07,13.5,0,69.58,43.8
"1528",2019-03-08,24.7,0,75.81,55.4
"1529",2019-03-09,31.3,0.4,82.77,64.7
"1530",2019-03-10,32,0.01,79.44,68.9
"1531",2019-03-11,28,0,57.83,17.5
"1532",2019-03-12,31.5,0.01,71.2,42.1
"1533",2019-03-13,41.7,0.29,92.17,82.5
"1534",2019-03-14,47.4,0.09,85.6,73.7
"1535",2019-03-15,36,0,72.07,90.1
"1536",2019-03-16,31.7,0,62.38,25.1
"1537",2019-03-17,31.5,0,67.23,45.3
"1538",2019-03-18,33.3,0,70.29,49.3
"1539",2019-03-19,37.1,0,63.12,28.1
"1540",2019-03-20,39.4,0,72.16,54.5
"1541",2019-03-21,41,0,68.18,58.1
"1542",2019-03-22,40.5,0,60.13,9.3
"1543",2019-03-23,39.2,0,65.32,19.2
"1544",2019-03-24,42.6,0,71.43,62.2
"1545",2019-03-25,33.3,0,56.68,22.5
"1546",2019-03-26,35.7,0,49.1,25.9
"1547",2019-03-27,46,0.03,47.39,74.2
"1548",2019-03-28,49.6,0.01,60.04,60.9
"1549",2019-03-29,42.5,0,63.44,52.5
"1550",2019-03-30,37.8,0,49.16,60.5
"1551",2019-03-31,30.3,0,43.84,43.2
"1552",2019-04-01,40.5,0,51.26,89.5
"1553",2019-04-02,41.8,0.03,72.68,68.3
"1554",2019-04-03,45.1,0,45.7,42
"1555",2019-04-04,41.2,0,54.94,87.6
"1556",2019-04-05,46.3,0,76.94,81.6
"1557",2019-04-06,51.7,0,79.53,63.9
"1558",2019-04-07,54.9,0.14,85.32,53.4
"1559",2019-04-08,59.7,0,61.51,27.7
"1560",2019-04-09,52,0,53.21,35.4
"1561",2019-04-10,34.3,0.27,80.1,71.6
"1562",2019-04-11,35,0.54,87.93,94.3
"1563",2019-04-12,38.8,0.04,68.82,83.7
"1564",2019-04-13,36.9,0,63.44,78.6
"1565",2019-04-14,34.5,0,69.39,70.4
"1566",2019-04-15,41.2,0,57.7,42.7
"1567",2019-04-16,54.1,0.1,70.57,63.8
"1568",2019-04-17,52,0.16,83.06,81.1
"1569",2019-04-18,46.8,0.01,81.57,93.6
"1570",2019-04-19,47.5,0,55.23,27
"1571",2019-04-20,49.5,0,45.54,1.3
"1572",2019-04-21,64.6,0,35.23,40
"1573",2019-04-22,64.8,0.63,56.92,55.2
"1574",2019-04-23,53,0.25,66.03,52.8
"1575",2019-04-24,53.5,0,63.25,18.7
"1576",2019-04-25,54,0.08,71.82,51.6
"1577",2019-04-26,52.5,0,48.3,13.6
"1578",2019-04-27,37.3,0.21,71.81,62.1
"1579",2019-04-28,41.2,0,63.18,45.5
"1580",2019-04-29,44.7,0.3,82.28,89.8
"1581",2019-04-30,43,0.06,90.38,91.9
"1582",2019-05-01,45.3,0.28,88.96,98.9
"1583",2019-05-02,46.4,0.04,88.23,94
"1584",2019-05-03,49.6,0,69.17,59.9
"1585",2019-05-04,53.5,0,65.69,20.3
"1586",2019-05-05,58.9,0.42,67.47,46.3
"1587",2019-05-06,54.2,0.28,77.31,86.1
"1588",2019-05-07,49.9,0,58.49,70.2
"1589",2019-05-08,45.4,0.63,74.3,64.6
"1590",2019-05-09,51.8,0.07,85.36,92
"1591",2019-05-10,49.3,0,60.22,57.4
"1592",2019-05-11,49.3,0,65.06,40
"1593",2019-05-12,46.5,0,69.68,49.9
"1594",2019-05-13,51.8,0,59.83,14.5
"1595",2019-05-14,58.7,0,51.55,44.1
"1596",2019-05-15,61.7,0,63.86,32.2
"1597",2019-05-16,66.1,0.32,73.62,50.5
"1598",2019-05-17,54.1,0.09,69.14,89.8
"1599",2019-05-18,52.9,0.42,86.96,88.6
"1600",2019-05-19,55.6,0.31,83.69,88.7
"1601",2019-05-20,49.1,0.01,69.85,82.3
"1602",2019-05-21,50.6,0.02,63.25,62.9
"1603",2019-05-22,62.6,0.3,71.73,73.9
"1604",2019-05-23,63.4,0,60.2,24.1
"1605",2019-05-24,60.6,0.81,84.29,62.7
"1606",2019-05-25,72.2,1.16,71.57,50.1
"1607",2019-05-26,66.2,0,60.94,32.8
"1608",2019-05-27,61.4,0.21,78.24,60.7
"1609",2019-05-28,56.4,0,86.94,97.2
"1610",2019-05-29,61.5,0,79.08,91.1
"1611",2019-05-30,67.5,0.01,70.69,53.4
"1612",2019-05-31,71.6,0,65.39,25.9
"1613",2019-06-01,67,0.41,77.8,43.4
"1614",2019-06-02,62.3,0,57.7,33.2
"1615",2019-06-03,57.3,0,53.28,65.6
"1616",2019-06-04,65.5,0.4,72.6,65.6
"1617",2019-06-05,71.7,0.14,75.89,45.6
"1618",2019-06-06,70.8,0,69.6,54.2
"1619",2019-06-07,70.3,0,61.56,0
"1620",2019-06-08,70.3,0,55.2,29.7
"1621",2019-06-09,68.2,0.03,72.4,66.5
"1622",2019-06-10,64.6,0,51.92,39
"1623",2019-06-11,63.6,0.02,60.81,55
"1624",2019-06-12,58.1,0.43,88.57,76.8
"1625",2019-06-13,59.1,0,56.44,29.6
"1626",2019-06-14,64.9,0,55.67,54.1
"1627",2019-06-15,66,0,72.1,67
"1628",2019-06-16,57.2,0.36,85.61,93.3
"1629",2019-06-17,63.6,0,76.19,80.9
"1630",2019-06-18,67.9,0,77.65,60.4
"1631",2019-06-19,64.4,0.25,85.81,83.4
"1632",2019-06-20,65.1,0,70.79,51.6
"1633",2019-06-21,65.1,0,61.26,59.1
"1634",2019-06-22,67.5,0,61.05,43.3
"1635",2019-06-23,71.2,0.14,75.82,65.7
"1636",2019-06-24,67.2,0.5,87.27,59.5
"1637",2019-06-25,70.4,0.05,70.34,32.4
"1638",2019-06-26,73.3,0,60.25,34.5
"1639",2019-06-27,71.6,0.3,78.27,43.6
"1640",2019-06-28,72.7,0.88,80.56,50.1
"1641",2019-06-29,78.7,0,74.68,45.1
"1642",2019-06-30,73.3,0.84,84.94,44.7
"1643",2019-07-01,76.2,0,77.29,47.6
"1644",2019-07-02,79.3,0,74.03,49.2
"1645",2019-07-03,76.4,1.42,78.76,60.1
"1646",2019-07-04,78.2,0.18,77.93,47.3
"1647",2019-07-05,80.1,0.01,75.48,40.2
"1648",2019-07-06,71.8,0.47,79.24,53.1
"1649",2019-07-07,69.8,0,65.56,14.8
"1650",2019-07-08,71.3,0,66.02,28.8
"1651",2019-07-09,73.8,0.27,68.35,43.8
"1652",2019-07-10,79.1,0.01,67.4,35.4
"1653",2019-07-11,73.6,0,64.66,32.7
"1654",2019-07-12,73.3,0,65.82,15.5
"1655",2019-07-13,79.5,0,63.42,37.5
"1656",2019-07-14,78.1,0,63.35,28.3
"1657",2019-07-15,80.5,0,66.26,34.7
"1658",2019-07-16,79.2,0.01,67.48,49
"1659",2019-07-17,78.9,0.11,74.47,45.3
"1660",2019-07-18,78.3,1.06,79.95,53.4
"1661",2019-07-19,83.7,1.38,74.37,52.2
"1662",2019-07-20,78.7,0.2,80.83,63.4
"1663",2019-07-21,72.8,0,70.37,53.1
"1664",2019-07-22,69.5,0,61.31,30.6
"1665",2019-07-23,69.6,0,66.52,24.1
"1666",2019-07-24,71.9,0,69.11,15.1
"1667",2019-07-25,74.8,0,64.53,34
"1668",2019-07-26,75.5,0.01,63.9,50.9
"1669",2019-07-27,79.1,0,66.56,56.2
"1670",2019-07-28,79.7,0,68.96,39.4
"1671",2019-07-29,76.5,0.21,68.24,54.9
"1672",2019-07-30,67.9,0,66.76,43.6
"1673",2019-07-31,66.9,0,69.78,29
"1674",2019-08-01,67.8,0,63.84,12
"1675",2019-08-02,70.1,0,63.59,27.6
"1676",2019-08-03,72.7,0.12,72.53,41.6
"1677",2019-08-04,74.1,0.02,65.34,35.3
"1678",2019-08-05,76.1,0.86,60.3,43.3
"1679",2019-08-06,72.8,0.5,61.5,59.8
"1680",2019-08-07,74.4,0.15,57.77,37.2
"1681",2019-08-08,69.9,0,53.02,30.3
"1682",2019-08-09,66.5,0,54.05,33.2
"1683",2019-08-10,69.8,0,54.16,50.4
"1684",2019-08-11,70.6,0.31,57.04,74.9
"1685",2019-08-12,70.1,0.07,82.11,74.3
"1686",2019-08-13,72.2,0.28,79.43,61
"1687",2019-08-14,66.5,0.05,80.17,78.4
"1688",2019-08-15,67.4,0,67.1,36.8
"1689",2019-08-16,70.2,0.03,52.21,50
"1690",2019-08-17,70.8,0,60.13,29.2
"1691",2019-08-18,71.4,0.51,58.93,48
"1692",2019-08-19,70,0,59.42,26
"1693",2019-08-20,70.8,0,61.84,43.4
"1694",2019-08-21,72.3,0,59.14,58.8
"1695",2019-08-22,65.4,0,61.55,31.1
"1696",2019-08-23,64.8,0,55.49,57.7
"1697",2019-08-24,63,0,69.75,33.1
"1698",2019-08-25,64.3,0,71.84,64
"1699",2019-08-26,65.8,0.34,89.89,89.7
"1700",2019-08-27,68.1,0,66.55,33.5
"1701",2019-08-28,64.6,0,58.99,28.4
"1702",2019-08-29,67.7,0,64.59,20.8
"1703",2019-08-30,61.9,0,65.96,45.6
"1704",2019-08-31,59.9,0,71.84,42.9
"1705",2019-09-01,65.2,0,73.88,54.5
"1706",2019-09-02,70.9,0.16,77.41,63.4
"1707",2019-09-03,72,0.28,75.85,54.3
"1708",2019-09-04,60.6,0,72.3,65.5
"1709",2019-09-05,62.2,0,73.63,47.4
"1710",2019-09-06,66.4,0,72.93,64.9
"1711",2019-09-07,61.6,0,75.9,45.4
"1712",2019-09-08,59.3,0.02,79.56,75.9
"1713",2019-09-09,63.2,0.05,86.06,90
"1714",2019-09-10,72.1,1.18,82.37,60.1
"1715",2019-09-11,72.5,0.26,84.5,64.7
"1716",2019-09-12,65.8,1.16,91.19,97.6
"1717",2019-09-13,65.9,0.43,77.23,72
"1718",2019-09-14,64.9,0,72.2,32.7
"1719",2019-09-15,69.3,0.02,84.5,72.3
"1720",2019-09-16,69,0,80.36,51
"1721",2019-09-17,68.8,0,79.2,32.9
"1722",2019-09-18,71.4,0,74.69,40.2
"1723",2019-09-19,69.9,0.11,82.17,47.6
"1724",2019-09-20,71.3,0.01,82.85,64.4
"1725",2019-09-21,73,0.04,85.52,68.4
"1726",2019-09-22,69.2,1.63,89.2,74
"1727",2019-09-23,62.5,0.01,73.14,20.3
"1728",2019-09-24,68,0,65.05,42.2
"1729",2019-09-25,67.7,0,61.38,69.1
"1730",2019-09-26,60.2,0,58.76,29.7
"1731",2019-09-27,62.7,0.3,75.26,82.4
"1732",2019-09-28,58.5,0,78.46,72.3
"1733",2019-09-29,57.3,0.85,91.83,97.2
"1734",2019-09-30,73.2,0.01,81.52,55.6
"1735",2019-10-01,72.3,2.19,87.22,63.1
"1736",2019-10-02,55.7,0.93,90.52,97.3
"1737",2019-10-03,54.5,0.04,79.18,86.2
"1738",2019-10-04,49.2,0,75.67,72.6
"1739",2019-10-05,52.2,0.47,85.23,75.2
"1740",2019-10-06,56,0,65.61,33.6
"1741",2019-10-07,55.1,0,61.6,10.7
"1742",2019-10-08,54.7,0,65.39,4.3
"1743",2019-10-09,57.8,0,61.66,33.8
"1744",2019-10-10,61,0.08,77.64,56
"1745",2019-10-11,49.6,0.39,77.32,86.7
"1746",2019-10-12,39,0.01,63.19,58
"1747",2019-10-13,38.9,0.03,74.35,81.2
"1748",2019-10-14,41,0,69.67,28
"1749",2019-10-15,48.7,0.02,70.45,64
"1750",2019-10-16,46.3,0,65.31,89
"1751",2019-10-17,44.6,0,74.2,62.2
"1752",2019-10-18,47.3,0,70.7,47.9
"1753",2019-10-19,53.3,0.03,71.28,51.5
"1754",2019-10-20,53.2,0,78.13,69.8
"1755",2019-10-21,54.5,0.29,73.83,68
"1756",2019-10-22,46.8,0.03,70.68,86.7
"1757",2019-10-23,45.1,0.13,61.15,47.2
"1758",2019-10-24,40,0,78.17,55.8
"1759",2019-10-25,37.1,0,70.53,14.3
"1760",2019-10-26,40.2,0.15,75.63,48.7
"1761",2019-10-27,45.6,0.3,74.51,20.8
"1762",2019-10-28,41.5,0,71.64,68.6
"1763",2019-10-29,32.8,0.27,80.68,45.3
"1764",2019-10-30,30.5,0.06,77.18,65.7
"1765",2019-10-31,27.8,0.25,81.41,57.7
"1766",2019-11-01,30.7,0.06,75.3,60.6
"1767",2019-11-02,36.1,0,76.39,75.4
"1768",2019-11-03,37.2,0.09,75.28,60.6
"1769",2019-11-04,40.9,0.12,78.13,71.4
"1770",2019-11-05,31.8,0,61.95,46.1
"1771",2019-11-06,29.2,0.3,85.22,81.6
"1772",2019-11-07,19.1,0,62.13,5.7
"1773",2019-11-08,19.9,0,65.69,43.2
"1774",2019-11-09,35.4,0.01,62.85,77.3
"1775",2019-11-10,34.5,0.01,78.81,91.6
"1776",2019-11-11,19,0.17,69.34,66.4
"1777",2019-11-12,11,0,57.58,16.4
"1778",2019-11-13,18.8,0.01,68.53,74.7
"1779",2019-11-14,24.4,0,76.97,62.5
"1780",2019-11-15,30,0,73.87,55.4
"1781",2019-11-16,31.7,0,79.09,33.1
"1782",2019-11-17,33.3,0.12,85.15,61.1
"1783",2019-11-18,33.9,0,88.8,93.4
"1784",2019-11-19,34.7,0,89.73,98.7
"1785",2019-11-20,40.4,0,89.15,81.5
"1786",2019-11-21,43.3,0.55,83.7,92.8
"1787",2019-11-22,28.4,0,69.59,50.1
"1788",2019-11-23,32.7,0,68.83,21.2
"1789",2019-11-24,38.7,0,74.6,46.1
"1790",2019-11-25,39.5,0,74.92,40.8
"1791",2019-11-26,37,0.08,82.02,70.1
"1792",2019-11-27,36.7,0.71,81.95,55
"1793",2019-11-28,31.4,0,77.45,96.9
"1794",2019-11-29,33.2,0,87.36,90.1
"1795",2019-11-30,35.7,0.33,92.14,98.7
"1796",2019-12-01,33.1,0.06,89.96,95.3
"1797",2019-12-02,29.3,0,77.49,34.1
"1798",2019-12-03,33.5,0,75.18,29.4
"1799",2019-12-04,34.3,0,69.75,18
"1800",2019-12-05,33.6,0,79.85,42.8
"1801",2019-12-06,32.1,0,67.24,64.2
"1802",2019-12-07,32.2,0,71.77,62.8
"1803",2019-12-08,36.1,0,78.04,52
"1804",2019-12-09,33.5,0.04,88.71,97.4
"1805",2019-12-10,14.6,0,65.31,52.6
"1806",2019-12-11,13.1,0,58.92,30.4
"1807",2019-12-12,29.5,0,70.14,76.5
"1808",2019-12-13,29.7,0,90.29,83.2
"1809",2019-12-14,25.3,0,81.04,88.6
"1810",2019-12-15,17,0,65.12,48
"1811",2019-12-16,22.9,0.01,75.55,82.5
"1812",2019-12-17,23,0,77.15,85.2
"1813",2019-12-18,11.6,0,51.6,46.9
"1814",2019-12-19,24,0,68.4,33
"1815",2019-12-20,31.3,0,78.46,43.3
"1816",2019-12-21,36.9,0,69.89,19.9
"1817",2019-12-22,41.9,0,69.86,17
"1818",2019-12-23,38.4,0,78.86,54
"1819",2019-12-24,37.6,0,85.68,84.2
"1820",2019-12-25,41.9,0,83.27,39.3
"1821",2019-12-26,41.4,0,81.57,64.2
"1822",2019-12-27,31.3,0,77.18,74.9
"1823",2019-12-28,32.8,0.47,88.73,75.5
"1824",2019-12-29,49.6,0.56,86.49,80.9
"1825",2019-12-30,31.6,0.27,84.52,89.4
"1826",2019-12-31,24.4,0.07,76.1,62.9
"1827",2020-01-01,28.7,0,73.94,45.4
"1828",2020-01-02,39.7,0,73.58,59.8
"1829",2020-01-03,33.1,0,74.36,100
"1830",2020-01-04,28.9,0,73.66,68.4
"1831",2020-01-05,31,0,75.61,73.1
"1832",2020-01-06,33,0,58.77,39.7
"1833",2020-01-07,31.8,0,63.26,48.2
"1834",2020-01-08,14.4,0,55.23,36.6
"1835",2020-01-09,36.8,0.01,69.5,66
"1836",2020-01-10,31.4,0.33,81.96,50.1
"1837",2020-01-11,23.2,0.15,76.24,88.6
"1838",2020-01-12,21.4,0.14,76.94,91.1
"1839",2020-01-13,28.1,0.04,84.36,98
"1840",2020-01-14,33.1,0,83.05,98.6
"1841",2020-01-15,26.9,0.02,83.61,76.3
"1842",2020-01-16,10.2,0,63.5,25.1
"1843",2020-01-17,16,0.24,77.1,54.8
"1844",2020-01-18,22.7,0.14,83.52,89.5
"1845",2020-01-19,9.7,0,70.92,61.2
"1846",2020-01-20,15.9,0,76.07,57.1
"1847",2020-01-21,14.4,0,76.81,27.7
"1848",2020-01-22,26.9,0,75.82,65.3
"1849",2020-01-23,30.7,0.1,89.67,89.5
"1850",2020-01-24,33.5,0.22,93.48,98.9
"1851",2020-01-25,33.6,0.23,90,88.4
"1852",2020-01-26,30.5,0,86.48,98.5
"1853",2020-01-27,29.9,0,84.09,97
"1854",2020-01-28,27.2,0,77.83,100
"1855",2020-01-29,24.8,0,78.03,100
"1856",2020-01-30,27.6,0,77.4,92.5
"1857",2020-01-31,30.9,0.01,86.28,95.5
"1858",2020-02-01,34.5,0,80.47,91.8
"1859",2020-02-02,42.2,0,64.01,49
"1860",2020-02-03,32.9,0,78.29,48.5
"1861",2020-02-04,27.1,0,55.86,78.2
"1862",2020-02-05,21.2,0,63.3,75.1
"1863",2020-02-06,23.7,0,62.42,41.3
"1864",2020-02-07,24.7,0,64.53,61
"1865",2020-02-08,24.2,0,69.38,63.2
"1866",2020-02-09,25.6,0.35,84.24,75.5
"1867",2020-02-10,19.6,0,77.63,17.9
"1868",2020-02-11,23.5,0,71.22,33.9
"1869",2020-02-12,27.4,0.06,73.3,60.5
"1870",2020-02-13,9.2,0.05,63.06,44.9
"1871",2020-02-14,0.7,0,58.6,21.9
"1872",2020-02-15,23,0,68.53,50.2
"1873",2020-02-16,25.6,0,67.68,52.7
"1874",2020-02-17,30.3,0.41,81.75,95.1
"1875",2020-02-18,29,0.12,70.44,41.3
"1876",2020-02-19,11,0,55.98,22.1
"1877",2020-02-20,5.8,0,55.81,0
"1878",2020-02-21,21.6,0,54.88,13.9
"1879",2020-02-22,33.8,0,61.67,24
"1880",2020-02-23,39.6,0,61.4,21.1
"1881",2020-02-24,32.3,0,72.4,50
"1882",2020-02-25,31.5,0,69.35,57.8
"1883",2020-02-26,25.8,0,63.89,90.8
"1884",2020-02-27,23.3,0,54.28,62.4
"1885",2020-02-28,19.4,0,49.79,32.5
"1886",2020-02-29,23.4,0,49.85,12.8
"1887",2020-03-01,40.1,0,64.5,42.6
"1888",2020-03-02,35.1,0,71.02,31.8
"1889",2020-03-03,35.8,0.02,71.16,63.7
"1890",2020-03-04,36.6,0,59.04,31.9
"1891",2020-03-05,38.5,0,65.06,79.8
"1892",2020-03-06,31.9,0,57.27,41.1
"1893",2020-03-07,37.6,0,56.87,31.2
"1894",2020-03-08,50,0,46.14,35.3
"1895",2020-03-09,48.5,0.48,75.76,73
"1896",2020-03-10,38.9,0,67.44,58.1
"1897",2020-03-11,40,0.21,86.4,83.4
"1898",2020-03-12,42.6,0.05,85.51,73.8
"1899",2020-03-13,37.8,0,48.03,31.9
"1900",2020-03-14,32.2,0,61.14,58.3
"1901",2020-03-15,32.1,0,64.23,69
"1902",2020-03-16,34.3,0,74.94,79.3
"1903",2020-03-17,38.1,0,50.61,44.3
"1904",2020-03-18,36.5,0.36,84.41,90
"1905",2020-03-19,41.7,0.8,92.59,96.7
"1906",2020-03-20,34.7,0.62,71.85,91.2
"1907",2020-03-21,28.1,0,57.83,30.2
"1908",2020-03-22,31.2,0,68.07,80.6
"1909",2020-03-23,36.7,0,77.6,88.7
"1910",2020-03-24,41.9,0,76.55,83.9
"1911",2020-03-25,42.9,0.01,80.96,74.5
"1912",2020-03-26,43.1,0.04,87.62,94.7
"1913",2020-03-27,43.1,0.11,81.25,57.6
"1914",2020-03-28,44.3,0.56,91.85,99.2
"1915",2020-03-29,43.1,0.05,84.78,89.3
"1916",2020-03-30,46,0,61.04,74.1
"1917",2020-03-31,36.8,0,79.34,92.3
"1918",2020-04-01,42.9,0,70.56,77.3
"1919",2020-04-02,49.4,0,61.59,55.9
"1920",2020-04-03,52.2,0.02,64.7,88.8
"1921",2020-04-04,38.9,0.07,65.54,54.5
"1922",2020-04-05,41.4,0,64.21,33.8
"1923",2020-04-06,47.2,0.01,60.3,61.7
"1924",2020-04-07,59.4,0.03,79.57,77.9
"1925",2020-04-08,49.5,0.25,85.9,58.3
"1926",2020-04-09,39.3,0,51.8,40.4
"1927",2020-04-10,39.2,0,49.62,47.6
"1928",2020-04-11,48.1,0.02,57.17,72.4
"1929",2020-04-12,46.5,0.4,88.96,93.5
"1930",2020-04-13,34.4,0.06,60.69,74.2
"1931",2020-04-14,29.8,0,58.25,40.9
"1932",2020-04-15,29.8,0,53.08,69.1
"1933",2020-04-16,34.4,0,44.48,27.3
"1934",2020-04-17,40.3,0,48.75,73.3
"1935",2020-04-18,47.6,0,52.19,20.5
"1936",2020-04-19,50.4,0,42.64,19.5
"1937",2020-04-20,47.3,0.01,55.49,39.4
"1938",2020-04-21,40.6,0,33.91,15.7
"1939",2020-04-22,45.5,0.37,59.04,77.4
"1940",2020-04-23,43.6,0,82.54,99.5
"1941",2020-04-24,44.7,0.04,76.23,87.9
"1942",2020-04-25,47.5,0,66.12,56.5
"1943",2020-04-26,52.6,0,44.45,22.3
"1944",2020-04-27,52.2,0.33,63.06,59.7
"1945",2020-04-28,54.6,0.1,85.29,72.9
"1946",2020-04-29,49.5,0.34,84.67,96
"1947",2020-04-30,54.5,0,48.23,16.7
"1948",2020-05-01,55,0,53.24,41.2
"1949",2020-05-02,64.9,0,46.8,55.3
"1950",2020-05-03,61.5,0,35.69,22.9
"1951",2020-05-04,45.7,0,61.08,51.5
"1952",2020-05-05,45.5,0,55.77,75.2
"1953",2020-05-06,51,0,51.57,47.7
"1954",2020-05-07,53.9,0,35.45,36.6
"1955",2020-05-08,39.4,0,43.89,21
"1956",2020-05-09,45.5,0,38.07,29.3
"1957",2020-05-10,43.6,0.35,77.02,79.7
"1958",2020-05-11,43.8,0,57.62,59.2
"1959",2020-05-12,47.2,0,46.03,4.4
"1960",2020-05-13,51.7,0.15,49.39,47.6
"1961",2020-05-14,58.2,0.54,90.27,89.4
"1962",2020-05-15,62.8,0.05,69.12,53.1
"1963",2020-05-16,58.1,0,67.51,46.4
"1964",2020-05-17,52.9,1.97,90.93,98.4
"1965",2020-05-18,51.8,0.05,95.28,99
"1966",2020-05-19,54.3,0,88.54,98.7
"1967",2020-05-20,60.7,0,69.36,20.6
"1968",2020-05-21,61.1,0,71.04,85.7
"1969",2020-05-22,61.6,0.01,81.7,77.5
"1970",2020-05-23,62.7,0.76,86.45,64.7
"1971",2020-05-24,70,0,80.88,73.9
"1972",2020-05-25,74.2,0.01,75.95,39.4
"1973",2020-05-26,76.1,0.13,68.12,49.4
"1974",2020-05-27,76.7,0,68.69,47.2
"1975",2020-05-28,67.7,1.43,91.08,79.6
"1976",2020-05-29,60.7,0,68.96,40
"1977",2020-05-30,59.2,0,62.26,29.5
"1978",2020-05-31,57.5,0,56.36,25
"1979",2020-06-01,66.2,0,60.52,50.3
"1980",2020-06-02,77.5,0.42,65.71,26.6
"1981",2020-06-03,73.8,0.27,70.32,48.1
"1982",2020-06-04,75.2,0,61.79,29.8
"1983",2020-06-05,75.5,0,63.68,40.1
"1984",2020-06-06,68.6,0,53.71,40.8
"1985",2020-06-07,67.3,0,58.77,47.9
"1986",2020-06-08,76.7,0,47.08,22.5
"1987",2020-06-09,74.6,0.65,68.03,51.1
"1988",2020-06-10,68.5,1.31,82.09,71.6
"1989",2020-06-11,67,0,56.63,22.8
"1990",2020-06-12,65.3,0,64.53,29.2
"1991",2020-06-13,57.3,0,52.29,23.8
"1992",2020-06-14,59.3,0,49.88,16.2
"1993",2020-06-15,63.7,0,50.5,41
"1994",2020-06-16,68,0,53.75,6.9
"1995",2020-06-17,73.2,0,57.05,16.5
"1996",2020-06-18,74.6,0,53.71,23.9
"1997",2020-06-19,75.2,0,63.42,38.8
"1998",2020-06-20,72.9,0.14,85.83,66.3
"1999",2020-06-21,72.8,0.03,70.36,40.8
"2000",2020-06-22,67.2,0.67,88.4,72.4
"2001",2020-06-23,63.8,0.43,78.69,59.4
"2002",2020-06-24,64.8,0.05,75.55,60.2
"2003",2020-06-25,69,0.19,67.35,27.9
"2004",2020-06-26,70.4,0.97,84.87,47.9
"2005",2020-06-27,75.5,0.01,74.46,36.5
"2006",2020-06-28,75.4,0.07,76.54,56.7
"2007",2020-06-29,74.2,0.25,78.48,48
"2008",2020-06-30,77.9,0.11,75.79,36.8
"2009",2020-07-01,77.6,0.03,67.95,40.2
"2010",2020-07-02,75.7,0.01,69.29,43.2
"2011",2020-07-03,78.3,0,70.88,37.3
"2012",2020-07-04,78.5,0,68.62,25.2
"2013",2020-07-05,79,0,68.9,32
"2014",2020-07-06,80.9,0,68.72,30.4
"2015",2020-07-07,77.9,1.93,75.63,48.4
"2016",2020-07-08,78.6,0,76.41,40.9
"2017",2020-07-09,77.5,1.36,78.76,51.6
"2018",2020-07-10,74.2,0.48,74.45,56.7
"2019",2020-07-11,74.2,0,73.78,36.1
"2020",2020-07-12,72.4,0,70.38,34.6
"2021",2020-07-13,72.5,0,70.46,37.3
"2022",2020-07-14,76.1,0.08,68.85,49.4
"2023",2020-07-15,70.5,1.31,92.93,85.4
"2024",2020-07-16,72.5,0,74.78,59.1
"2025",2020-07-17,77.5,0,71.02,29.4
"2026",2020-07-18,80.4,0.09,79.36,45.9
"2027",2020-07-19,80.1,0,63.2,47.8
"2028",2020-07-20,72.5,0,68.93,42.4
"2029",2020-07-21,71.7,0,78.9,59.1
"2030",2020-07-22,73.1,0,72.57,56.6
"2031",2020-07-23,68,0,78.2,48.9
"2032",2020-07-24,73.9,0,70.06,24.9
"2033",2020-07-25,79.9,0,71.58,40.5
"2034",2020-07-26,81.3,0.84,79.18,40.6
"2035",2020-07-27,75.2,0,71.61,29.2
"2036",2020-07-28,74.9,0,65.27,53.8
"2037",2020-07-29,76,0,67.25,42.3
"2038",2020-07-30,72.3,0,74.96,47.4
"2039",2020-07-31,69.3,0,72.53,49.7
"2040",2020-08-01,68.7,0,75.68,34.7
"2041",2020-08-02,67.6,0.31,83.43,49.7
"2042",2020-08-03,60.6,0.03,78.69,90.9
"2043",2020-08-04,61.4,0,70.46,26.9
"2044",2020-08-05,64.8,0,71.47,48.5
"2045",2020-08-06,66.6,0,70.67,26.9
"2046",2020-08-07,70.9,0,67.42,30.5
"2047",2020-08-08,77.5,0,66.57,32.5
"2048",2020-08-09,75.3,0.42,83.82,43.1
"2049",2020-08-10,74.3,0.12,90.68,70.7
"2050",2020-08-11,69.6,0,71,17.9
"2051",2020-08-12,69.8,0,68.28,19.7
"2052",2020-08-13,71.2,0,70.44,27
"2053",2020-08-14,73.3,0,67.78,10
"2054",2020-08-15,69,0.1,78.63,48.4
"2055",2020-08-16,69.4,0,70.96,19.3
"2056",2020-08-17,69.8,0.01,67.87,43.5
"2057",2020-08-18,66.6,0,64.78,25.2
"2058",2020-08-19,67.8,0,68.33,9.7
"2059",2020-08-20,72.9,0,60.86,38.2
"2060",2020-08-21,73.2,0,65.17,23.8
"2061",2020-08-22,74.7,0,68.41,45.7
"2062",2020-08-23,76.9,0,72.39,33.7
"2063",2020-08-24,78.5,0,77.26,28.1
"2064",2020-08-25,77.5,0.37,69.73,43.1
"2065",2020-08-26,81.7,0,65.08,5.3
"2066",2020-08-27,80,0.48,69.49,37.7
"2067",2020-08-28,74.6,0.02,80.71,48.7
"2068",2020-08-29,69.2,0,65.52,31.7
"2069",2020-08-30,63.8,0,68.37,27.1
"2070",2020-08-31,65.3,0.01,85.1,38.2
"2071",2020-09-01,61.1,0.13,78.2,53.8
"2072",2020-09-02,69.2,0.07,70.86,28.8
"2073",2020-09-03,67.6,0,59,18.5
"2074",2020-09-04,62.4,0,61.65,23.2
"2075",2020-09-05,64.5,0,66.2,28.4
"2076",2020-09-06,68,0.38,81.34,66.3
"2077",2020-09-07,62.2,0.01,67.27,53
"2078",2020-09-08,52.1,0.49,89.04,88.2
"2079",2020-09-09,49.1,0.48,96.46,98.2
"2080",2020-09-10,49.9,0.29,96.6,97.3
"2081",2020-09-11,55.5,0.98,91.98,92.8
"2082",2020-09-12,63.1,0.11,95.73,83.8
"2083",2020-09-13,61.1,0,87.32,55.8
"2084",2020-09-14,60.5,0,85.82,58.7
"2085",2020-09-15,67.3,0,71.79,48
"2086",2020-09-16,66.5,0,75.98,49.8
"2087",2020-09-17,57.5,0,71.73,60.1
"2088",2020-09-18,51.9,0.01,69.29,43
"2089",2020-09-19,51.2,0,72.24,11.1
"2090",2020-09-20,56.7,0,62.42,25.4
"2091",2020-09-21,61.4,0,55.33,26
"2092",2020-09-22,65.7,0,68.43,18.3
"2093",2020-09-23,64.1,0,78.68,34.2
"2094",2020-09-24,65.1,0.05,82.2,52.5
"2095",2020-09-25,69,0,65.88,33.9
"2096",2020-09-26,69.4,0,77.5,44.4
"2097",2020-09-27,63.3,0.25,83.45,47.7
"2098",2020-09-28,53.2,0.02,86.32,63.8
"2099",2020-09-29,50.1,0,84.14,54
"2100",2020-09-30,52.4,0.01,74.73,54.7
"2101",2020-10-01,48.8,0.03,81.18,66.8
"2102",2020-10-02,43.9,0,70.7,64.5
"2103",2020-10-03,45.4,0.02,79.54,76.3
"2104",2020-10-04,41.4,0,79.38,30.8
"2105",2020-10-05,49.4,0,57.73,10.2
"2106",2020-10-06,61.1,0,53.92,27.2
"2107",2020-10-07,59.5,0,60.69,10.2
"2108",2020-10-08,51.8,0,70.34,7.5
"2109",2020-10-09,64.2,0,63.62,42.1
"2110",2020-10-10,64.1,0,62.26,0.1
"2111",2020-10-11,53.3,0,87.57,52.9
"2112",2020-10-12,57.2,0.2,80.17,46
"2113",2020-10-13,52.9,0,53.98,36.3
"2114",2020-10-14,55.3,0,55.84,60.8
"2115",2020-10-15,46.4,0,50.25,48.1
"2116",2020-10-16,41.3,0.02,60.9,45.9
"2117",2020-10-17,48.6,0,49.2,81.6
"2118",2020-10-18,42,0.09,69.33,81
"2119",2020-10-19,32.8,0,68.09,73.4
"2120",2020-10-20,37.9,0.11,81.93,86.9
"2121",2020-10-21,45.8,0.17,78.99,87.9
"2122",2020-10-22,43.3,0.95,97.42,100
"2123",2020-10-23,39.3,1.31,90.91,98.2
"2124",2020-10-24,36.2,0,67.7,95.9
"2125",2020-10-25,32.6,0.01,76.98,99.3
"2126",2020-10-26,31.6,0,75.61,91.9
"2127",2020-10-27,33.1,0,58.63,54
"2128",2020-10-28,39.6,0,54.76,35.2
"2129",2020-10-29,38.3,0,70.59,86.7
"2130",2020-10-30,33.6,0,61.04,33.6
"2131",2020-10-31,44,0,63.65,29
"2132",2020-11-01,35.2,0,47.85,45.3
"2133",2020-11-02,38.9,0,51.45,27.5
"2134",2020-11-03,50.1,0,56.45,0.9
"2135",2020-11-04,57.6,0,58.92,15.2
"2136",2020-11-05,55.8,0,65.59,20.8
"2137",2020-11-06,57.5,0,71.98,43
"2138",2020-11-07,60.7,0,65.73,17.3
"2139",2020-11-08,62.4,0,74.69,25.7
"2140",2020-11-09,66.8,0,74.61,49.6
"2141",2020-11-10,52.1,0.71,90.12,98.2
"2142",2020-11-11,37.1,0,66.48,39.1
"2143",2020-11-12,42,0,71.54,53.1
"2144",2020-11-13,30.5,0.01,64.82,45.1
"2145",2020-11-14,36.4,0.11,77.06,62.7
"2146",2020-11-15,39,0.17,79.87,95.5
"2147",2020-11-16,33.6,0,67.14,52.7
"2148",2020-11-17,32.4,0,54.25,38.4
"2149",2020-11-18,41.6,0,49.48,65.3
"2150",2020-11-19,52.9,0,54.18,52.3
"2151",2020-11-20,47.3,0,64.55,36.1
"2152",2020-11-21,31.3,0,78.06,30.1
"2153",2020-11-22,34,0,81.8,66.3
"2154",2020-11-23,34.9,0,74.15,47.3
"2155",2020-11-24,34.8,0.61,94.14,99.9
"2156",2020-11-25,37.4,0.11,99.25,95.6
"2157",2020-11-26,39.2,0,86.57,98.8
"2158",2020-11-27,35.2,0,72.62,54.4
"2159",2020-11-28,38.7,0,67.32,5.2
"2160",2020-11-29,38.7,0,68.91,56
"2161",2020-11-30,27.4,0,64.1,80.6
"2162",2020-12-01,23.7,0,74.41,0.2
"2163",2020-12-02,31.1,0,54.53,13.3
"2164",2020-12-03,34.3,0,70.23,65.3
"2165",2020-12-04,32.9,0,72.29,11.7
"2166",2020-12-05,27.2,0,84.16,48.8
"2167",2020-12-06,30.5,0,79.71,85
"2168",2020-12-07,31.6,0,77.33,100
"2169",2020-12-08,31.6,0,83.54,99.6
"2170",2020-12-09,37,0,77.52,19.9
"2171",2020-12-10,36.6,0,78.87,34.2
"2172",2020-12-11,34.2,0.26,90.08,73.7
"2173",2020-12-12,30.2,0.25,86.44,91.7
"2174",2020-12-13,20.1,0,87.06,65.7
"2175",2020-12-14,21.3,0,65.73,68.9
"2176",2020-12-15,15.1,0,72.99,67.1
"2177",2020-12-16,25.3,0,79.59,79.8
"2178",2020-12-17,25.6,0,77.83,84.7
"2179",2020-12-18,24.6,0,86.09,66.1
"2180",2020-12-19,34.2,0,89.57,100
"2181",2020-12-20,28.7,0,86.57,89.4
"2182",2020-12-21,34.5,0,78.92,89.9
"2183",2020-12-22,32.1,0,79.12,69.7
"2184",2020-12-23,38.8,0.03,68.12,68.3
"2185",2020-12-24,10.7,0,66.53,91.2
"2186",2020-12-25,12.9,0,64.84,43
"2187",2020-12-26,21.3,0,74.43,56.6
"2188",2020-12-27,28,0.14,85.97,72.7
"2189",2020-12-28,23.3,0,74.53,53.7
"2190",2020-12-29,18.1,0.37,85.83,58.3
"2191",2020-12-30,27.6,0.05,80.33,99.3
"2192",2020-12-31,20.2,0,82.26,100
"2193",2021-01-01,21.5,0.02,92.55,96.1
"2194",2021-01-02,22.1,0,93.71,97.8
"2195",2021-01-03,21.7,0,96.56,95.5
"2196",2021-01-04,23.3,0.03,96.59,100
"2197",2021-01-05,25.2,0,93.01,44.2
"2198",2021-01-06,23.6,0,94.3,91.1
"2199",2021-01-07,26.9,0,92.97,87.7
"2200",2021-01-08,27.4,0,78.97,100
"2201",2021-01-09,24.4,0,79.79,92.1
"2202",2021-01-10,21.6,0,86.99,100
"2203",2021-01-11,25.9,0,86.77,81.1
"2204",2021-01-12,28.1,0,86.94,38.7
"2205",2021-01-13,33.4,0,80.68,66.5
"2206",2021-01-14,31.9,0.19,90.84,75.3
"2207",2021-01-15,33.2,0.09,93.87,99.3
"2208",2021-01-16,33.4,0.04,89.42,100
"2209",2021-01-17,28.8,0.02,85.2,100
"2210",2021-01-18,25,0,76.88,94.1
"2211",2021-01-19,22.6,0.06,81.75,97.3
"2212",2021-01-20,17.9,0,74.43,61.5
"2213",2021-01-21,33.6,0,56.92,25.6
"2214",2021-01-22,11,0,57.52,0.9
"2215",2021-01-23,12.5,0.01,62.74,53.8
"2216",2021-01-24,22.7,0.12,86.56,76.3
"2217",2021-01-25,14.8,0,79.88,65.2
"2218",2021-01-26,19.5,0.09,84.28,74.6
"2219",2021-01-27,10.5,0,77.13,21.5
"2220",2021-01-28,6,0,71.85,49.3
"2221",2021-01-29,17.4,0,66.79,65.1
"2222",2021-01-30,29.6,0.22,76.59,79.3
"2223",2021-01-31,28.9,0.15,90.18,96.1
"2224",2021-02-01,22.8,0,81.35,35.4
"2225",2021-02-02,21.5,0,81.02,42
"2226",2021-02-03,16.8,0,79.77,44.9
"2227",2021-02-04,29,0.26,87.42,82
"2228",2021-02-05,9,0,72.12,77
"2229",2021-02-06,2.8,0,68.75,45.8
"2230",2021-02-07,-5.6,0,60.53,45.2
"2231",2021-02-08,-0.1,0.01,69.85,88
"2232",2021-02-09,-2.6,0,63.28,15.8
"2233",2021-02-10,0.6,0,66.03,51
"2234",2021-02-11,0.1,0.11,70.49,71.4
"2235",2021-02-12,1.7,0.04,65.93,80.5
"2236",2021-02-13,-3,0.13,66.52,67.9
"2237",2021-02-14,-6.3,0,49.06,71
"2238",2021-02-15,-3.1,0,53.58,70.1
"2239",2021-02-16,5.9,0.04,67.1,49.8
"2240",2021-02-17,2.8,0,70.55,44.1
"2241",2021-02-18,16.1,0,66.84,82.9
"2242",2021-02-19,12.4,0,69.86,67.9
"2243",2021-02-20,11.2,0,71.14,34.7
"2244",2021-02-21,24.8,0.2,79.72,73.7
"2245",2021-02-22,31.3,0,81.18,89.2
"2246",2021-02-23,39.2,0,69.88,52.3
"2247",2021-02-24,35.4,0,74.76,37.1
"2248",2021-02-25,30,0,72.69,10.7
"2249",2021-02-26,31.1,0,74.82,47.1
"2250",2021-02-27,36.1,0,79.5,26.8
"2251",2021-02-28,33.9,0,89.21,57.4
"2252",2021-03-01,23.6,0,59.86,25.9
"2253",2021-03-02,28,0,66.75,3.3
"2254",2021-03-03,37.4,0,68.61,8.3
"2255",2021-03-04,29.7,0,74.62,35.8
"2256",2021-03-05,32,0,62.49,32.7
"2257",2021-03-06,32.1,0,65.14,3.5
"2258",2021-03-07,33.8,0,68.64,37.5
"2259",2021-03-08,47.6,0,61.26,41
"2260",2021-03-09,47,0,66.5,40
"2261",2021-03-10,55.6,0.07,72.75,87.9
"2262",2021-03-11,42.8,0.01,62.49,39.1
"2263",2021-03-12,37.8,0,57.1,34.5
"2264",2021-03-13,40.1,0,56.53,40.3
"2265",2021-03-14,37.9,0,54.32,52.9
"2266",2021-03-15,30.6,0.2,74.85,70.5
"2267",2021-03-16,32.2,0,85.58,100
"2268",2021-03-17,33.3,0.17,87.4,99.1
"2269",2021-03-18,38.2,0,62.68,50
"2270",2021-03-19,36.8,0,50.79,1.3
"2271",2021-03-20,42.3,0,44.26,0
"2272",2021-03-21,50,0,47.33,44.9
"2273",2021-03-22,51.8,0,55.47,83.2
"2274",2021-03-23,49.4,0.44,83.82,75.1
"2275",2021-03-24,48.8,0.29,87.99,100
"2276",2021-03-25,41.5,0.01,79.43,100
"2277",2021-03-26,38.6,0.01,77.93,93
"2278",2021-03-27,43.2,0.2,94.38,97.8
"2279",2021-03-28,38,0,60.86,61.5
"2280",2021-03-29,47.7,0,50.82,14.7
"2281",2021-03-30,51,0,43.02,52.9
"2282",2021-03-31,33.9,0,43,64.2
"2283",2021-04-01,30.2,0,42.75,9.8
"2284",2021-04-02,38.3,0,42.82,27.7
"2285",2021-04-03,52.4,0,40.4,14.6
"2286",2021-04-04,57.1,0,47.71,30.2
"2287",2021-04-05,65.5,0,55.75,50.1
"2288",2021-04-06,67.9,0,54.64,53.8
"2289",2021-04-07,64.9,0.12,65.07,54.5
"2290",2021-04-08,58.1,0.37,80.59,95
"2291",2021-04-09,51.9,0.08,86.81,96.1
"2292",2021-04-10,50.6,0.36,88.02,100
"2293",2021-04-11,51.5,0.45,89.31,100
"2294",2021-04-12,49.7,0,74.04,72.2
"2295",2021-04-13,42.3,0,61.64,78.4
"2296",2021-04-14,37.1,0,63.71,88.6
"2297",2021-04-15,42.4,0,68.24,86
"2298",2021-04-16,46.5,0,57.24,31.1
"2299",2021-04-17,45.1,0,60.18,45.7
"2300",2021-04-18,49.7,0,46.57,64.6
"2301",2021-04-19,41.7,0,58.3,91.9
"2302",2021-04-20,35.7,0,56.26,73.9
"2303",2021-04-21,35.4,0.01,55.39,80.5
"2304",2021-04-22,44,0,46,24.5
"2305",2021-04-23,52,0,41.53,66
"2306",2021-04-24,51.9,0,65.12,87.8
"2307",2021-04-25,41.3,0,51.57,62.4
"2308",2021-04-26,54.4,0,49.87,78.8
"2309",2021-04-27,60.8,0,63.87,59
"2310",2021-04-28,52.2,0,74.78,78
"2311",2021-04-29,56.5,0,61.03,69.9
"2312",2021-04-30,52.1,0,40.28,31.1
"2313",2021-05-01,65,0,37.62,46.9
"2314",2021-05-02,73.2,0,49.2,48.2
"2315",2021-05-03,61.3,0.61,84.89,93.8
"2316",2021-05-04,52.3,0,67.79,94.4
"2317",2021-05-05,49.8,0,58.33,47.3
"2318",2021-05-06,49.2,0.23,69.33,84.2
"2319",2021-05-07,46.9,0,56.43,60.2
"2320",2021-05-08,44.6,0,59.24,46.8
"2321",2021-05-09,49.9,0,50.94,62.5
"2322",2021-05-10,46,0,55.84,89.8
"2323",2021-05-11,45.5,0,55.41,32.5
"2324",2021-05-12,52.7,0,41.25,23
"2325",2021-05-13,55.4,0,41.38,34.8
"2326",2021-05-14,56.6,0,45.2,47.3
"2327",2021-05-15,56,0.08,71.13,98.9
"2328",2021-05-16,61.6,0.02,71.66,86.4
"2329",2021-05-17,62.9,0,63.87,41.4
"2330",2021-05-18,62.9,0.24,80.96,76.2
"2331",2021-05-19,67.5,0.1,85.63,95.6
"2332",2021-05-20,72.8,0,69.4,81.6
"2333",2021-05-21,70.4,0.1,78.02,85
"2334",2021-05-22,72.9,0,75.2,72.2
"2335",2021-05-23,70.9,0.17,83.26,92.8
"2336",2021-05-24,70,0,74.07,85.9
"2337",2021-05-25,75.2,0.01,67.8,65.5
"2338",2021-05-26,69.1,0,54.51,34.9
"2339",2021-05-27,45.5,0.54,79.77,74.1
"2340",2021-05-28,44.9,0.06,76.22,90.4
"2341",2021-05-29,50.4,0,53.22,9.1
"2342",2021-05-30,53.3,0,55.98,48.1
"2343",2021-05-31,62.4,0,56.1,50.9
"2344",2021-06-01,65.4,0,61.59,38.6
"2345",2021-06-02,66.5,0,52.59,34.6
"2346",2021-06-03,73.7,0.01,44.28,50.1
"2347",2021-06-04,78.9,0,38.47,40.4
"2348",2021-06-05,80.8,0,45.99,35.7
"2349",2021-06-06,80.3,0,51.62,38.5
"2350",2021-06-07,77.5,0.04,69.08,58
"2351",2021-06-08,78.8,0,67.12,47.6
"2352",2021-06-09,79.8,0,64.56,24.2
"2353",2021-06-10,80.3,0,63.04,22.9
"2354",2021-06-11,78.5,0.08,68.49,45.7
"2355",2021-06-12,76.2,0,66.86,18.7
"2356",2021-06-13,74.1,0,50.74,6.6
"2357",2021-06-14,72,0,51.1,36
"2358",2021-06-15,70.1,0,54.02,64.7
"2359",2021-06-16,67.8,0,46.25,9.3
"2360",2021-06-17,75.8,0.05,41.49,46.7
"2361",2021-06-18,77.5,1.42,67.03,60.6
"2362",2021-06-19,74.6,0.04,59.49,28.8
"2363",2021-06-20,68,0.33,82.23,67.2
"2364",2021-06-21,62.8,0,60.92,80.9
"2365",2021-06-22,60.9,0,56.78,48.8
"2366",2021-06-23,69.1,0.04,64.9,73.2
"2367",2021-06-24,72.3,0.29,69.18,91.4
"2368",2021-06-25,73.1,0.48,87.64,87.1
"2369",2021-06-26,72.7,0.57,89.97,90.6
"2370",2021-06-27,71.6,0.01,77.38,84.6
"2371",2021-06-28,73.2,0,76.46,66.4
"2372",2021-06-29,73.1,0.34,87.21,89.1
"2373",2021-06-30,75.3,0.09,75.14,86.8
"2374",2021-07-01,71.3,0,69.46,32.6
"2375",2021-07-02,66,0,64.75,35.3
"2376",2021-07-03,72.7,0,65.85,9.6
"2377",2021-07-04,78.8,0,62.9,38.8
"2378",2021-07-05,82,0,62.61,42.4
"2379",2021-07-06,81.8,0,64.47,48.7
"2380",2021-07-07,67.8,0.26,88.43,81.6
"2381",2021-07-08,61.8,0,80.76,96.6
"2382",2021-07-09,66.6,0,71.46,60
"2383",2021-07-10,66.9,0,72.42,63
"2384",2021-07-11,70,0,58.05,74.7
"2385",2021-07-12,67.5,0.03,78.5,75.8
"2386",2021-07-13,72.5,0,74.81,82.4
"2387",2021-07-14,72.4,0.65,82.21,61.8
"2388",2021-07-15,72.2,0.1,78.92,81.1
"2389",2021-07-16,69.8,0,72.81,43.8
"2390",2021-07-17,68.5,0,72.42,23.1
"2391",2021-07-18,69.9,0,69.87,11.4
"2392",2021-07-19,70.5,0,70.82,12
"2393",2021-07-20,74.3,0,73.6,52
"2394",2021-07-21,69.1,0,73.54,92.8
"2395",2021-07-22,74.8,0,67.53,71.7
"2396",2021-07-23,80.7,0,67.59,41.2
"2397",2021-07-24,81.2,0,67.73,48.7
"2398",2021-07-25,76.1,0,60.34,29.9
"2399",2021-07-26,77.2,0,58.3,26.3
"2400",2021-07-27,77.6,0.04,63.53,49
"2401",2021-07-28,78.5,0.03,73.96,53.6
"2402",2021-07-29,76.9,0.78,73.4,70.2
"2403",2021-07-30,67.5,0,68.42,73.1
"2404",2021-07-31,66.9,0,77.95,48.7
"2405",2021-08-01,66.6,0,67.9,38
"2406",2021-08-02,65.8,0,67.18,35.6
"2407",2021-08-03,68.4,0,67.09,23.1
"2408",2021-08-04,71.5,0,67.16,20.3
"2409",2021-08-05,71.6,0.02,69.18,62.1
"2410",2021-08-06,75.8,0.01,70.23,76.3
"2411",2021-08-07,71.6,1.13,86.97,65.2
"2412",2021-08-08,78.4,0.05,75.38,68.8
"2413",2021-08-09,72.7,0.92,84.81,74.1
"2414",2021-08-10,75.4,0.26,83.75,61.4
"2415",2021-08-11,77.4,0.18,78.59,61.1
"2416",2021-08-12,75.8,0,63.58,49.4
"2417",2021-08-13,70.1,0,60.46,27.9
"2418",2021-08-14,65.9,0,64.68,15.8
"2419",2021-08-15,67.5,0,63.71,13.8
"2420",2021-08-16,67.5,0,66.52,24.2
"2421",2021-08-17,70.5,0,68.33,18.9
"2422",2021-08-18,74.4,0,73.49,41.4
"2423",2021-08-19,77.1,0,72.29,43.4
"2424",2021-08-20,78,0,69.42,39.7
"2425",2021-08-21,76,0.35,76.26,51.9
"2426",2021-08-22,67.7,0,68.73,10.6
"2427",2021-08-23,73.6,0.18,76.6,49.2
"2428",2021-08-24,75,0.37,84,78.1
"2429",2021-08-25,76.1,0,78.79,67.1
"2430",2021-08-26,77.3,0,78.34,57.4
"2431",2021-08-27,77.7,0.16,80.02,65
"2432",2021-08-28,80.8,0.18,71.89,62.6
"2433",2021-08-29,78.5,0,67.74,50.8
"2434",2021-08-30,71.1,0,66.49,14.6
"2435",2021-08-31,66.8,0,76.64,49.8
"2436",2021-09-01,64.9,0,70.92,15.8
"2437",2021-09-02,64.1,0,69.98,44.2
"2438",2021-09-03,64.6,0.11,78.88,74.4
"2439",2021-09-04,66.1,0,81.81,78.6
"2440",2021-09-05,68.3,0,63.48,29.9
"2441",2021-09-06,64.6,0,67.85,20.7
"2442",2021-09-07,69.6,0.14,66.27,38.1
"2443",2021-09-08,63.8,0,63.61,39.6
"2444",2021-09-09,61.5,0,75.72,37.1
"2445",2021-09-10,64.9,0,67.71,17.7
"2446",2021-09-11,71.9,0,68.44,33.8
"2447",2021-09-12,68.6,0.02,82.08,91.3
"2448",2021-09-13,64.4,0.95,89.95,87.4
"2449",2021-09-14,68.5,0,73.93,59.9
"2450",2021-09-15,62.9,0,66.35,10.1
"2451",2021-09-16,67.9,0,56.79,6.9
"2452",2021-09-17,69.1,0,60.21,45.5
"2453",2021-09-18,62.9,0,63.99,10.4
"2454",2021-09-19,70.1,0,67.5,24.2
"2455",2021-09-20,74,0.71,72.92,65
"2456",2021-09-21,61.9,0.16,72.1,80.1
"2457",2021-09-22,55,0,69.08,40.7
"2458",2021-09-23,56.8,0,59.13,16.8
"2459",2021-09-24,60.3,0.03,66.04,52.6
"2460",2021-09-25,56.1,0,60.54,50.3
"2461",2021-09-26,67.5,0,47.23,43.5
"2462",2021-09-27,68.7,0,64.19,8.7
"2463",2021-09-28,60.4,0,66.51,0.1
"2464",2021-09-29,62.9,0,71.42,23.1
"2465",2021-09-30,67.3,0,65.01,36.7
"2466",2021-10-01,68.5,0,66.97,37.1
"2467",2021-10-02,71.9,0.02,74.74,86.8
"2468",2021-10-03,67.7,0.1,85.31,91
"2469",2021-10-04,64.2,0,85.42,98
"2470",2021-10-05,64.5,0,79.61,98.8
"2471",2021-10-06,65.9,0,74.47,71.6
"2472",2021-10-07,63.7,0.58,92.29,96.9
"2473",2021-10-08,64.3,0.01,89.37,80.5
"2474",2021-10-09,68,0,76.96,70.1
"2475",2021-10-10,69.9,0.01,77.46,66.6
"2476",2021-10-11,63.5,0.48,90.01,96.7
"2477",2021-10-12,61.1,0.06,89.73,100
"2478",2021-10-13,61.5,0.21,87.33,90.4
"2479",2021-10-14,60.2,0,63.15,24.9
"2480",2021-10-15,50.1,0,73.73,59.8
"2481",2021-10-16,48.5,0,60.41,10.7
"2482",2021-10-17,50.4,0,58.03,12.1
"2483",2021-10-18,52.2,0,69.37,0
"2484",2021-10-19,57.7,0,63.55,33.2
"2485",2021-10-20,60.5,0.02,68.2,61.5
"2486",2021-10-21,49.1,0.04,86.94,79.1
"2487",2021-10-22,39.8,0,79.34,68.8
"2488",2021-10-23,40.9,0,74.46,28.6
"2489",2021-10-24,41.2,0.19,83.01,66.3
"2490",2021-10-25,45.4,0.08,75.9,73.2
"2491",2021-10-26,41.9,0,74.19,17.3
"2492",2021-10-27,44.4,0,77.56,50.3
"2493",2021-10-28,48.8,0.22,90.81,74.6
"2494",2021-10-29,51.5,0.02,81.35,98.7
"2495",2021-10-30,48.5,0,80.27,61.2
"2496",2021-10-31,44.4,0,67.35,33.8
"2497",2021-11-01,38.3,0,58.52,61
"2498",2021-11-02,35.8,0,64.17,24.9
"2499",2021-11-03,30.8,0,68.62,35.6
"2500",2021-11-04,38.9,0,62.24,63.4
"2501",2021-11-05,41.2,0,60.25,27.8
